Fund Name,Category,NAV,Risk Rating
ABL Cash Fund,Money Market (Annualized Return),10.7807,AA+(f)
ABL Money Market Plan I,Money Market (Annualized Return),10.5173,AA+(f)
AKD Cash Fund,Money Market (Annualized Return),54.6506,AA+(f)
AL Habib Cash Fund,Money Market (Annualized Return),106.89,AAA(f)
AL Habib Money Market Fund,Money Market (Annualized Return),105.6713,AAA(f)
Alfalah Cash Fund - II (Formerly: Faysal Cash Fund),Money Market (Annualized Return),107.6602,AA+(f)
Alfalah GHP Cash Fund,Money Market (Annualized Return),529.0186,AA+(f)
Alfalah GHP Money Market Fund,Money Market (Annualized Return),103.9848,AA+(f)
Alfalah Money Market Fund - II (Formerly: Faysal Money Market Fund),Money Market (Annualized Return),108.3387,AA(f)
Askari Cash Fund,Money Market (Annualized Return),108.4763,AA+(f)
Atlas Liquid Fund,Money Market (Annualized Return),528.0213,AA+(f)
Atlas Money Market Fund,Money Market (Annualized Return),539.9262,AA+(f)
HBL Cash Fund,Money Market (Annualized Return),108.5002,AA+(f)
HBL Money Market Fund,Money Market (Annualized Return),108.6017,AA+(f)
JS Cash Fund,Money Market (Annualized Return),110.7585,AA+(f)
JS Money Market Fund,Money Market (Annualized Return),116.63,AA+(f)
Lakson Money Market Fund,Money Market (Annualized Return),108.0698,AA+(f)
MCB Cash Management Optimizer,Money Market (Annualized Return),107.5058,AA+(f)
NBP Cash Plan I,Money Market (Annualized Return),10.5826,
NBP Cash Plan II,Money Market (Annualized Return),10.0027,
NBP Government Securities Liquid Fund,Money Market (Annualized Return),10.8215,AAA(f)
NBP Money Market Fund,Money Market (Annualized Return),10.5439,AA(f)
NIT Money Market Fund,Money Market (Annualized Return),10.2799,AAA(f)
Pakistan Cash Management Fund,Money Market (Annualized Return),50.4678,AA+(f)
UBL Cash Fund,Money Market (Annualized Return),105.3492,AA+(f)
UBL Liquidity Fund,Money Market (Annualized Return),103.2864,
UBL Liquidity Plus Fund,Money Market (Annualized Return),106.6745,AA+(f)
UBL Money Market Fund,Money Market (Annualized Return),106.2837,AA+(f)
ABL Financial Sector Fund Plan I,Income (Annualized Return),10.5388,A+(f)
ABL Government Securities Fund,Income (Annualized Return),10.6922,AA-(f)
ABL Income Fund,Income (Annualized Return),10.7146,A+(f)
AL Habib Government Securities Fund,Income (Annualized Return),105.6718,AAA(f)
AL Habib Income Fund,Income (Annualized Return),107.5767,AA(f)
AL Habib Sovereign Income Fund Plan 1,Income (Annualized Return),105.4175,
AL Habib Sovereign Income Fund Plan 2,Income (Annualized Return),105.5024,
AL Habib Sovereign Income Fund Plan 3,Income (Annualized Return),105.272,
Alfalah Financial Sector Income Fund,Income (Annualized Return),105.6573,A+(f)
Alfalah Financial Sector Opportunity Fund  (Formerly: Faysal Financial Sector Opportunity Fund),Income (Annualized Return),122.6885,A+(f)
Alfalah GHP Income Fund,Income (Annualized Return),120.3117,AA-(f)
Alfalah GHP Sovereign Fund,Income (Annualized Return),113.4504,AA-(f)
Alfalah Government Securities Fund - II (Formerly: Faysal Government Securities Fund),Income (Annualized Return),132.8745,AA(f)
Alfalah Government Securities Fund Plan I,Income (Annualized Return),106.1807,
Alfalah Government Securities Fund Plan II,Income (Annualized Return),104.877,
Alfalah MTS Fund (Formerly: Faysal MTS Fund),Income (Annualized Return),109.6565,AA-(f)
Alfalah Savings Growth Fund (Formerly: Faysal Savings Growth Fund),Income (Annualized Return),110.7447,AA-(f)
Askari Sovereign Yield Enhancer,Income (Annualized Return),109.1461,AA-(f)
Atlas Income Fund,Income (Annualized Return),558.0125,AA-(f)
Atlas Sovereign Fund,Income (Annualized Return),108.3543,AA-(f)
AWT Financial Sector Income Fund,Income (Annualized Return),104.0567,A+(f)
AWT Income Fund,Income (Annualized Return),116.1341,A+(f)
HBL Financial Sector Income Fund Plan I,Income (Annualized Return),107.409,
HBL Financial Sector Income Fund Plan II,Income (Annualized Return),100.0,
HBL Government Securities Fund,Income (Annualized Return),120.9634,AA-(f)
HBL Income Fund,Income (Annualized Return),119.5716,A+(f)
JS Government Securities Fund,Income (Annualized Return),117.9851,AA(f)
JS Income Fund,Income (Annualized Return),122.2455,A+(f)
JS Microfinance Sector Fund,Income (Annualized Return),114.346,A(f)
Lakson Income Fund,Income (Annualized Return),108.3536,A+(f)
MCB DCF Income Fund,Income (Annualized Return),114.9367,AA-(f)
MCB Government Securities Plan I,Income (Annualized Return),105.7313,AA(f)
MCB Pakistan Sovereign Fund,Income (Annualized Return),58.01,AA-(f)
NBP Financial Sector Income Fund,Income (Annualized Return),11.2452,A+(f)
NBP Government Securities Plan IV,Income (Annualized Return),10.6232,AA(f)
NBP Government Securities Plan VIII,Income (Annualized Return),10.4006,
NBP Government Securities Savings Fund,Income (Annualized Return),11.1198,AA-(f)
NBP Income Opportunity Fund,Income (Annualized Return),11.8091,A+(f)
NBP Income Plan I,Income (Annualized Return),10.1405,
NBP Mahana Amdani Fund,Income (Annualized Return),10.8495,AA-(f)
NBP Savings Fund,Income (Annualized Return),10.7026,A+(f)
NIT - Government Bond Fund,Income (Annualized Return),10.5846,AA(f)
NIT - Income Fund,Income (Annualized Return),10.8344,AA-(f)
NIT Social Impact Fund,Income (Annualized Return),10.8225,A+(f)
Pak Oman Income Fund,Income (Annualized Return),11.336,A+(f)
Pak Oman Micro Finance Fund,Income (Annualized Return),0.0,
Pakistan Income Fund,Income (Annualized Return),57.9456,AA(f)
UBL Government Securities Fund,Income (Annualized Return),113.0838,AA(f)
UBL Income Opportunity Fund,Income (Annualized Return),114.2681,AA-(f)
ABL Stock Fund,Equity (Absolute Return),39.6304,
AKD Opportunity Fund,Equity (Absolute Return),229.2394,
AL Habib Stock Fund,Equity (Absolute Return),179.3231,
Alfalah GHP Alpha Fund,Equity (Absolute Return),120.6,
Alfalah GHP Stock Fund,Equity (Absolute Return),208.2942,
Alfalah Stock Fund - II (Formerly: Faysal Stock Fund),Equity (Absolute Return),83.2542,
First Capital Mutual Fund,Equity (Absolute Return),0.0,
Golden Arrow Stock Fund,Equity (Absolute Return),38.8563,
HBL Energy Fund,Equity (Absolute Return),34.6873,
HBL Equity Fund,Equity (Absolute Return),251.1462,
HBL Growth Fund-Class A,Equity (Absolute Return),50.1641,
HBL Growth Fund-Class B,Equity (Absolute Return),42.6695,
HBL Investment Fund-Class A,Equity (Absolute Return),18.5894,
HBL Investment Fund-Class B,Equity (Absolute Return),20.0469,
HBL Stock Fund,Equity (Absolute Return),234.0115,
JS Growth Fund,Equity (Absolute Return),567.65,
JS Large Cap Fund,Equity (Absolute Return),464.7,
Lakson Equity Fund,Equity (Absolute Return),339.4303,
MCB Pakistan Stock Market Fund,Equity (Absolute Return),368.4886,
National Investment Unit Trust,Equity (Absolute Return),169.66,
NBP Financial Sector Fund,Equity (Absolute Return),25.4774,
NBP Stock Fund,Equity (Absolute Return),46.2689,
UBL Financial Sector Fund,Equity (Absolute Return),347.1571,
UBL Stock Advantage Fund,Equity (Absolute Return),275.46,
ABL Special Saving Fund (ABL Special Saving Plan I),Capital Protected (Absolute Return),10.6418,
ABL Special Saving Fund (ABL Special Saving Plan II),Capital Protected (Absolute Return),11.0918,
ABL Special Saving Fund (ABL Special Saving Plan III),Capital Protected (Absolute Return),10.7195,
ABL Special Saving Fund (ABL Special Saving Plan IV),Capital Protected (Absolute Return),10.7268,
ABL Special Saving Fund (ABL Special Saving Plan V),Capital Protected (Absolute Return),10.6373,
ABL Special Saving Fund (ABL Special Saving Plan VI),Capital Protected (Absolute Return),10.5782,
Alfalah Special Savings Fund - I (Formerly: Faysal Special Savings Plan I),Capital Protected (Absolute Return),142.9958,
Alfalah Special Savings Fund - II (Formerly: Faysal Special Savings Plan II),Capital Protected (Absolute Return),112.1503,
UBL Special Savings Plan V,Capital Protected - Income (Annualized Return),106.7889,
UBL Special Savings Plan X,Capital Protected - Income (Annualized Return),107.6819,
ABL Fixed Rate Plan XIX,Fixed Rate / Return (Annualized Return),10.5436,
ABL Fixed Rate Plan XVIII,Fixed Rate / Return (Annualized Return),10.4816,
ABL Fixed Rate Plan XX,Fixed Rate / Return (Annualized Return),10.235,
ABL Fixed Rate Plan XXI,Fixed Rate / Return (Annualized Return),10.1482,
ABL Fixed Rate Plan XXII,Fixed Rate / Return (Annualized Return),10.1086,
ABL Fixed Rate Plan XXIII,Fixed Rate / Return (Annualized Return),10.0867,
Al Ameen Islamic Fixed Return Plan I (P),Fixed Rate / Return (Annualized Return),100.0,
AL Habib Fixed Return Fund Plan 19,Fixed Rate / Return (Annualized Return),106.6321,
AL Habib Fixed Return Fund Plan 20,Fixed Rate / Return (Annualized Return),105.5384,
AL Habib Fixed Return Fund Plan 22,Fixed Rate / Return (Annualized Return),105.3709,
AL Habib Fixed Return Fund Plan 23,Fixed Rate / Return (Annualized Return),103.976,
AL Habib Fixed Return Fund Plan 24,Fixed Rate / Return (Annualized Return),103.9051,
AL Habib Fixed Return Fund Plan 25,Fixed Rate / Return (Annualized Return),102.7508,
AL Habib Fixed Return Fund Plan 26,Fixed Rate / Return (Annualized Return),100.6894,
Alfalah Stable Return Fund Plan XVIII,Fixed Rate / Return (Annualized Return),105.5433,
Alfalah Stable Return Fund Plan XX,Fixed Rate / Return (Annualized Return),105.5233,
Alfalah Stable Return Fund Plan XXI,Fixed Rate / Return (Annualized Return),105.1654,
Alfalah Stable Return Fund Plan XXII,Fixed Rate / Return (Annualized Return),103.4653,
Alfalah Stable Return Fund Plan XXIII,Fixed Rate / Return (Annualized Return),102.6936,
Alfalah Stable Return Fund Plan XXIV,Fixed Rate / Return (Annualized Return),102.1627,
Alfalah Stable Return Fund Plan XXV,Fixed Rate / Return (Annualized Return),101.4882,
Alfalah Stable Return Fund Plan XXVI,Fixed Rate / Return (Annualized Return),101.8978,
HBL Mehfooz Munafa Fund Plan IV,Fixed Rate / Return (Annualized Return),100.0,
HBL Mehfooz Munafa Fund Plan X,Fixed Rate / Return (Annualized Return),100.0,
HBL Mehfooz Munafa Fund Plan XII,Fixed Rate / Return (Annualized Return),100.0,
HBL Mehfooz Munafa Fund Plan XIII,Fixed Rate / Return (Annualized Return),100.0,
JS Fixed Term Munafa Fund (JS Fixed Term Munafa Plan I),Fixed Rate / Return (Annualized Return),114.4154,
JS Fixed Term Munafa Fund (JS Fixed Term Munafa Plan XIII),Fixed Rate / Return (Annualized Return),110.7548,AAA(f)
JS Fixed Term Munafa Fund (JS Fixed Term Munafa Plan XIV),Fixed Rate / Return (Annualized Return),108.2276,AAA(f)
JS Fixed Term Munafa Fund (JS Fixed Term Munafa Plan XV),Fixed Rate / Return (Annualized Return),106.3492,AAA(f)
JS Fixed Term Munafa Fund (JS Fixed Term Munafa Plan XVI),Fixed Rate / Return (Annualized Return),106.4486,
JS Fixed Term Munafa Fund (JS Fixed Term Munafa Plan XVIII),Fixed Rate / Return (Annualized Return),105.2504,
JS Fixed Term Munafa Fund II (JS Fixed Term Munafa Plan I),Fixed Rate / Return (Annualized Return),106.6101,
JS Fixed Term Munafa Fund II (JS Fixed Term Munafa Plan IV),Fixed Rate / Return (Annualized Return),103.152,
JS Fixed Term Munafa Fund II (JS Fixed Term Munafa Plan V),Fixed Rate / Return (Annualized Return),101.0485,
JS Fixed Term Munafa Fund II (JS Fixed Term Munafa Plan VI),Fixed Rate / Return (Annualized Return),102.0374,
MCB DCF Fixed Return III (Plan IV),Fixed Rate / Return (Annualized Return),106.0052,
MCB DCF Fixed Return III (Plan X),Fixed Rate / Return (Annualized Return),105.275,
MCB DCF Fixed Return Plan VIII,Fixed Rate / Return (Annualized Return),105.7188,
MCB Pakistan Fixed Return Plan 25,Fixed Rate / Return (Annualized Return),102.8813,
MCB Pakistan Fixed Return Plan 26,Fixed Rate / Return (Annualized Return),102.2219,
MCB Pakistan Fixed Return Plan 27,Fixed Rate / Return (Annualized Return),101.457,
NBP Fixed Term Munafa Plan XIIA (NBP Mustahkam Fund II),Fixed Rate / Return (Annualized Return),10.0795,
NBP Fixed Term Munafa Plan XIII (NBP Mustahkam Fund II),Fixed Rate / Return (Annualized Return),10.2898,
NBP Fixed Term Munafa Plan XIVA (NBP Mustahkam Fund II),Fixed Rate / Return (Annualized Return),10.1656,
NBP Fixed Term Munafa Plan XIX,Fixed Rate / Return (Annualized Return),10.5702,
NBP Fixed Term Munafa Plan XVIA (NBP Mustahkam Fund II),Fixed Rate / Return (Annualized Return),10.1105,
NBP Fixed Term Munafa Plan XVIIA (NBP Mustahkam Fund II),Fixed Rate / Return (Annualized Return),10.0676,
NBP Fixed Term Munafa Plan XVIIIA (NBP Mustahkam Fund II),Fixed Rate / Return (Annualized Return),10.2152,
UBL Fixed Return Plan I (U),Fixed Rate / Return (Annualized Return),105.7249,
UBL Fixed Return Plan II (AB),Fixed Rate / Return (Annualized Return),105.3288,
UBL Fixed Return Plan II (M),Fixed Rate / Return (Annualized Return),106.6256,
UBL Fixed Return Plan III (X),Fixed Rate / Return (Annualized Return),105.6249,
UBL Fixed Return Plan III (Y),Fixed Rate / Return (Annualized Return),101.3757,
UBL Fixed Return Plan III (Z),Fixed Rate / Return (Annualized Return),104.5518,
UBL Fixed Return Plan IV (G),Fixed Rate / Return (Annualized Return),105.0204,
UBL Fixed Return Plan IV (K),Fixed Rate / Return (Annualized Return),105.0504,
UBL Fixed Return Plan IV (M),Fixed Rate / Return (Annualized Return),105.3268,
UBL Fixed Return Plan IV (O),Fixed Rate / Return (Annualized Return),105.2059,
AKD Aggressive Income Fund,Aggressive Fixed Income (Annualized Return),58.9068,A+(f)
Alfalah GHP Income Multiplier Fund,Aggressive Fixed Income (Annualized Return),61.155,A+(f)
Alfalah Income & Growth Fund  (Formerly: Faysal Income & Growth Fund),Aggressive Fixed Income (Annualized Return),122.117,A(f)
Askari High Yield Scheme,Aggressive Fixed Income (Annualized Return),108.0157,A(f)
MCB Investment Savings Plan I,Aggressive Fixed Income (Annualized Return),106.606,AA+(f)
Pakistan Income Enhancement Fund,Aggressive Fixed Income (Annualized Return),57.831,A+(f)
UBL Growth & Income Fund,Aggressive Fixed Income (Annualized Return),90.1966,A+(f)
HBL Multi Asset Fund,Balanced (Absolute Return),227.2349,
NBP Balanced Fund,Balanced (Absolute Return),44.047,
Pakistan Capital Market Fund,Balanced (Absolute Return),31.49,
Unit Trust of Pakistan,Balanced (Absolute Return),451.61,
ABL Optimal Asset Allocation Fund,Asset Allocation (Absolute Return),10.6113,
AL Habib Asset Allocation Fund,Asset Allocation (Absolute Return),130.7238,
Alfalah Asset Allocation Fund (Formerly: Faysal Asset Allocation Fund),Asset Allocation (Absolute Return),79.498,
Alfalah Financial Value Fund (Alfalah Financial Value Plan I),Asset Allocation (Absolute Return),145.1375,
Alfalah Financial Value Fund - II (Formerly Faysal Financial Value Fund),Asset Allocation (Absolute Return),110.3309,
Alfalah GHP Value Fund,Asset Allocation (Absolute Return),93.3555,
Allied Finergy Fund,Asset Allocation (Absolute Return),16.9868,
Lakson Asset Allocation Developed Markets Fund,Asset Allocation (Absolute Return),192.0928,
Lakson Tactical Fund,Asset Allocation (Absolute Return),110.4176,
MCB Pakistan Asset Allocation Fund,Asset Allocation (Absolute Return),245.8653,
MCB Pakistan Opportunity Fund (MCB Pakistan  Dividend Yield Plan),Asset Allocation (Absolute Return),362.5314,
NBP Sarmaya Izafa Fund,Asset Allocation (Absolute Return),42.1967,
NIT Asset Allocation Fund,Asset Allocation (Absolute Return),20.7834,
Pak Oman Advantage Asset Allocation Fund,Asset Allocation (Absolute Return),50.6841,
UBL Asset Allocation Fund,Asset Allocation (Absolute Return),342.0329,
ABL Financial Planning Fund (Conservative Plan),Fund of Funds (Absolute Return),118.7124,
ABL Financial Planning Fund (Strategic Allocation Plan),Fund of Funds (Absolute Return),102.7799,
Alfalah GHP Prosperity Planning Fund (Alfalah GHP Active Allocation Plan),Fund of Funds (Absolute Return),126.9899,
Alfalah GHP Prosperity Planning Fund (Alfalah GHP Conservative Allocation Plan),Fund of Funds (Absolute Return),120.3338,
Alfalah GHP Prosperity Planning Fund (Alfalah GHP Moderate Allocation Plan),Fund of Funds (Absolute Return),115.2452,
Alfalah GHP Prosperity Planning Fund (Capital Preservation Plan IV),Fund of Funds (Absolute Return),115.8572,
Alfalah Strategic Allocation Fund Plan - I,Fund of Funds (Absolute Return),130.5377,
JS Fund of Funds,Fund of Funds (Absolute Return),140.8,
AKD Index Tracker Fund,Index Tracker (Absolute Return),42.7459,
ABL Islamic Cash Fund,Shariah Compliant Money Market (Annualized Return),10.0877,AA+(f)
ABL Islamic Money Market Plan I,Shariah Compliant Money Market (Annualized Return),10.5241,AA+(f)
AKD Islamic Cash Fund (Formerly AKD Islamic Daily Dividend Fund),Shariah Compliant Money Market (Annualized Return),51.6988,AA(f)
Al Ameen Islamic Cash Fund,Shariah Compliant Money Market (Annualized Return),106.2953,AA+(f)
Al Ameen Islamic Cash Plan I,Shariah Compliant Money Market (Annualized Return),105.6448,AA+(f)
AL Habib Islamic Cash Fund,Shariah Compliant Money Market (Annualized Return),105.2857,AA+(f)
Alfalah Islamic Money Market Fund,Shariah Compliant Money Market (Annualized Return),105.4355,AA(f)
Alfalah Islamic Rozana Amdani Fund,Shariah Compliant Money Market (Annualized Return),100.0,AA(f)
Alhamra Cash Management Optimizer,Shariah Compliant Money Market (Annualized Return),105.5007,AA(f)
Alhamra Islamic Money Market Fund,Shariah Compliant Money Market (Annualized Return),99.51,AA+(f)
Atlas Islamic Cash Fund,Shariah Compliant Money Market (Annualized Return),526.8621,AA(f)
Atlas Islamic Money Market Fund,Shariah Compliant Money Market (Annualized Return),531.4825,AA(f)
AWT Islamic Money Market Fund (Formerly: AWT Money Market Fund),Shariah Compliant Money Market (Annualized Return),123.9256,AA+(f)
Faysal Halal Amdani Fund,Shariah Compliant Money Market (Annualized Return),106.6811,AA(f)
Faysal Islamic Cash Fund,Shariah Compliant Money Market (Annualized Return),104.8173,AA(f)
HBL Islamic Money Market Fund,Shariah Compliant Money Market (Annualized Return),106.5387,AA+(f)
HBL Islamic Savings Plan I,Shariah Compliant Money Market (Annualized Return),105.4083,
JS Islamic Money Market Fund (Formerly: JS Islamic Daily Dividend Fund),Shariah Compliant Money Market (Annualized Return),108.9654,AA(f)
Lakson Islamic Money Market Fund,Shariah Compliant Money Market (Annualized Return),106.2738,AA(f)
Lucky Islamic Money Market Fund,Shariah Compliant Money Market (Annualized Return),105.3129,AA+(f)
Mahaana Islamic Cash Fund,Shariah Compliant Money Market (Annualized Return),112.1943,AA+(f)
Meezan Cash Fund,Shariah Compliant Money Market (Annualized Return),53.8531,AA+(f)
Meezan Rozana Amdani Fund,Shariah Compliant Money Market (Annualized Return),50.0,AA+(f)
NBP Islamic Daily Dividend Fund,Shariah Compliant Money Market (Annualized Return),10.0,AA+(f)
NBP Islamic Money Market Fund,Shariah Compliant Money Market (Annualized Return),10.6813,AA(f)
NIT Islamic Money Market Fund,Shariah Compliant Money Market (Annualized Return),106.4223,AAA(f)
Pak Oman Daily Dividend Fund,Shariah Compliant Money Market (Annualized Return),10.0,AA(f)
Pak Qatar Asan Munafa Plan,Shariah Compliant Money Market (Annualized Return),117.4798,AA(f)
Pak Qatar Cash Plan,Shariah Compliant Money Market (Annualized Return),118.8813,AA(f)
Pak Qatar Daily Dividend Plan,Shariah Compliant Money Market (Annualized Return),100.0,AA(f)
786 Islamic Money Market Fund,Shariah Compliant Money Market (Annualized Return),105.1506,
ABL Islamic Income Fund,Shariah Compliant Income (Annualized Return),10.758,A+(f)
ABL Islamic Sovereign Plan I,Shariah Compliant Income (Annualized Return),10.4979,AA+(f)
AKD Islamic Income Fund,Shariah Compliant Income (Annualized Return),54.1764,AA-(f)
Al Ameen Islamic Income Fund,Shariah Compliant Income (Annualized Return),104.4718,AA(f)
Al Ameen Islamic Sovereign Fund,Shariah Compliant Income (Annualized Return),106.911,AA(f)
AL Habib Islamic Income Fund,Shariah Compliant Income (Annualized Return),106.8842,AA(f)
AL Habib Islamic Savings Fund,Shariah Compliant Income (Annualized Return),105.4347,AA(f)
Alfalah GHP Islamic Income Fund,Shariah Compliant Income (Annualized Return),108.2932,AA-(f)
Alfalah Islamic Sovereign Fund (Alfalah Islamic Sovereign Plan I),Shariah Compliant Income (Annualized Return),100.2671,AA+(f)
Alfalah Islamic Sovereign Fund (Alfalah Islamic Sovereign Plan II),Shariah Compliant Income (Annualized Return),115.0373,AA+(f)
Alfalah Islamic Sovereign Fund (Alfalah Islamic Sovereign Plan III),Shariah Compliant Income (Annualized Return),105.4733,AA+(f)
Alhamra Daily Dividend Fund,Shariah Compliant Income (Annualized Return),100.0,AA-(f)
Alhamra Government Securities Plan I,Shariah Compliant Income (Annualized Return),105.0653,AA(f)
Alhamra Islamic Income Fund,Shariah Compliant Income (Annualized Return),109.4403,AA(f)
Atlas Islamic Income Fund,Shariah Compliant Income (Annualized Return),540.3629,AA-(f)
AWT Islamic Income Fund,Shariah Compliant Income (Annualized Return),110.943,A+(f)
Faysal Halal Amdani Fund II,Shariah Compliant Income (Annualized Return),101.1561,
Faysal Halal Amdani Fund III,Shariah Compliant Income (Annualized Return),100.334,
Faysal Islamic Savings Growth Fund,Shariah Compliant Income (Annualized Return),109.9058,A+(f)
Faysal Islamic Sovereign Fund (Faysal Islamic Sovereign Plan I),Shariah Compliant Income (Annualized Return),104.1149,AA(f)
Faysal Islamic Sovereign Fund (Faysal Islamic Sovereign Plan II),Shariah Compliant Income (Annualized Return),103.3387,AA(f)
Faysal Islamic Special Income Plan I,Shariah Compliant Income (Annualized Return),10.5875,AA(f)
HBL Islamic Income Fund,Shariah Compliant Income (Annualized Return),109.2198,A+(f)
JS Islamic Income Fund,Shariah Compliant Income (Annualized Return),111.6566,AA-(f)
Lucky Islamic Income Fund,Shariah Compliant Income (Annualized Return),105.4288,AA(f)
Meezan Daily Income Fund (MDIP I),Shariah Compliant Income (Annualized Return),50.0,AA-(f)
Meezan Daily Income Fund (Meezan Mahana Munafa Plan),Shariah Compliant Income (Annualized Return),50.0,
Meezan Daily Income Fund (Meezan Munafa Plan I),Shariah Compliant Income (Annualized Return),52.8592,
Meezan Daily Income Fund (Meezan Sehl Account Plan) (MSHP),Shariah Compliant Income (Annualized Return),52.5721,
Meezan Daily Income Fund (Meezan Super Saver Plan) (MSSP),Shariah Compliant Income (Annualized Return),52.6882,
Meezan Islamic Income Fund,Shariah Compliant Income (Annualized Return),54.1142,A+(f)
Meezan Sovereign Fund,Shariah Compliant Income (Annualized Return),54.511,AA(f)
NBP Islamic Government Securities Plan III,Shariah Compliant Income (Annualized Return),10.4765,
NBP Islamic Income Fund,Shariah Compliant Income (Annualized Return),10.5788,A+(f)
NBP Islamic Mahana Amdani Fund,Shariah Compliant Income (Annualized Return),10.5973,A+(f)
NBP Islamic Savings Fund,Shariah Compliant Income (Annualized Return),10.0497,AA-(f)
NBP Riba Free Savings Fund,Shariah Compliant Income (Annualized Return),10.8577,A+(f)
NIT Islamic Income Fund,Shariah Compliant Income (Annualized Return),10.1577,AA-(f)
Pak Oman Advantage Islamic Income Fund,Shariah Compliant Income (Annualized Return),55.1092,A+(f)
Pak Qatar Income Plan,Shariah Compliant Income (Annualized Return),122.7506,AA-(f)
Pak Qatar Khalis Bachat Plan,Shariah Compliant Income (Annualized Return),119.8838,A(f)
Pak Qatar Monthly Income Plan,Shariah Compliant Income (Annualized Return),100.3594,A+(f)
786 Smart Fund,Shariah Compliant Income (Annualized Return),88.021,AA-(f)
ABL Islamic Stock Fund,Shariah Compliant Equity (Absolute Return),34.3425,
AKD Islamic Stock Fund,Shariah Compliant Equity (Absolute Return),112.4235,
Al Ameen Islamic Energy Fund,Shariah Compliant Equity (Absolute Return),347.1319,
Al Ameen Shariah Stock Fund,Shariah Compliant Equity (Absolute Return),513.67,
AL Habib Islamic Stock Fund,Shariah Compliant Equity (Absolute Return),184.4987,
Al Meezan Mutual Fund,Shariah Compliant Equity (Absolute Return),51.8653,
Alfalah GHP Islamic Stock Fund,Shariah Compliant Equity (Absolute Return),75.3135,
Alhamra Islamic Stock Fund,Shariah Compliant Equity (Absolute Return),30.84,
Alhamra Opportunity Fund (Dividend Strategy Plan),Shariah Compliant Equity (Absolute Return),213.4913,
AWT Islamic Stock Fund,Shariah Compliant Equity (Absolute Return),196.6708,
Faysal Islamic Stock Fund,Shariah Compliant Equity (Absolute Return),127.0134,
Faysal Islamic Stock Fund II,Shariah Compliant Equity (Absolute Return),132.9485,
HBL Islamic Equity Fund,Shariah Compliant Equity (Absolute Return),210.3858,
HBL Islamic Stock Fund,Shariah Compliant Equity (Absolute Return),264.4301,
JS Islamic Fund,Shariah Compliant Equity (Absolute Return),284.69,
Lucky Islamic Energy Fund,Shariah Compliant Equity (Absolute Return),100.0,
Lucky Islamic Stock Fund,Shariah Compliant Equity (Absolute Return),140.61,
Meezan Energy Fund,Shariah Compliant Equity (Absolute Return),63.6414,
Meezan Islamic Fund,Shariah Compliant Equity (Absolute Return),168.1631,
NBP Islamic Energy Fund,Shariah Compliant Equity (Absolute Return),22.7683,
NBP Islamic Stock Fund,Shariah Compliant Equity (Absolute Return),26.2347,
NIT Islamic Equity Fund,Shariah Compliant Equity (Absolute Return),20.1,
Pak Qatar Islamic Stock Fund,Shariah Compliant Equity (Absolute Return),276.6188,
JS Islamic Sarmaya Mehfooz Fund (JS Islamic Sarmaya Mehfooz Plan 1),Shariah Compliant Capital Protected (Absolute Return),102.2813,
JS Islamic Sarmaya Mehfooz Fund Plan 2 2020,Shariah Compliant Capital Protected (Absolute Return),99.6526,
NBP Islamic Principal Protection Fund I (NBP Islamic Principal Protection Plan I),Shariah Compliant Capital Protected (Absolute Return),10.3317,
NBP Islamic Principal Protection Fund II (NBP Islamic Principal Protection Fund I),Shariah Compliant Capital Protected (Absolute Return),10.0705,
ABL Islamic Fixed Term Plan I,Shariah Compliant Fixed Rate / Return (Annualized Return),10.2618,
ABL Islamic Fixed Term Plan III,Shariah Compliant Fixed Rate / Return (Annualized Return),10.0879,
ABL Islamic Fixed Term Plan IV,Shariah Compliant Fixed Rate / Return (Annualized Return),10.0288,
Al Ameen Islamic Fixed Term Plan I (M),Shariah Compliant Fixed Rate / Return (Annualized Return),100.0107,
AL Habib Islamic Munafa Fund Plan V,Shariah Compliant Fixed Rate / Return (Annualized Return),100.6416,
Alfalah Islamic Stable Return Fund Plan  X,Shariah Compliant Fixed Rate / Return (Annualized Return),100.5201,
Alfalah Islamic Stable Return Fund Plan IX,Shariah Compliant Fixed Rate / Return (Annualized Return),100.5583,
Alfalah Islamic Stable Return Fund Plan VI,Shariah Compliant Fixed Rate / Return (Annualized Return),102.642,
Alfalah Islamic Stable Return Fund Plan VII,Shariah Compliant Fixed Rate / Return (Annualized Return),102.412,
Alfalah Islamic Stable Return Fund Plan VIII,Shariah Compliant Fixed Rate / Return (Annualized Return),102.4161,
Alhamra Wada Fund (Alhamra Wada Plan XIV),Shariah Compliant Fixed Rate / Return (Annualized Return),101.9438,
Alhamra Wada Fund (Alhamra Wada Plan XV),Shariah Compliant Fixed Rate / Return (Annualized Return),100.6019,
Faysal Islamic Mustakil Munafa Fund (Faysal Islamic Mehdood Muddat Plan I),Shariah Compliant Fixed Rate / Return (Annualized Return),121.8015,
Faysal Islamic Mustakil Munafa Fund (Faysal Islamic Mehdood Muddat Plan VI),Shariah Compliant Fixed Rate / Return (Annualized Return),105.7722,
Faysal Islamic Mustakil Munafa Fund (Faysal Islamic Mehdood Muddat Plan XII),Shariah Compliant Fixed Rate / Return (Annualized Return),102.1758,
Faysal Islamic Mustakil Munafa Fund (Faysal Islamic Mehdood Muddat Plan XIII),Shariah Compliant Fixed Rate / Return (Annualized Return),101.0063,
Faysal Islamic Mustakil Munafa Fund (Faysal Islamic Mehdood Muddat Plan XIV),Shariah Compliant Fixed Rate / Return (Annualized Return),101.0426,
Faysal Islamic Mustakil Munafa Fund (Faysal Islamic Mehdood Muddat Plan XV),Shariah Compliant Fixed Rate / Return (Annualized Return),100.5759,
HBL Islamic Fixed Term Fund Plan V,Shariah Compliant Fixed Rate / Return (Annualized Return),100.6076,
HBL Islamic Fixed Term Fund Plan VI,Shariah Compliant Fixed Rate / Return (Annualized Return),100.0,
Lucky Islamic Fixed Term Fund Plan IV,Shariah Compliant Fixed Rate / Return (Annualized Return),102.6572,
Lucky Islamic Fixed Term Fund Plan IX,Shariah Compliant Fixed Rate / Return (Annualized Return),100.2282,
Lucky Islamic Fixed Term Fund Plan V,Shariah Compliant Fixed Rate / Return (Annualized Return),101.4301,
Lucky Islamic Fixed Term Fund Plan VI,Shariah Compliant Fixed Rate / Return (Annualized Return),101.0903,
Lucky Islamic Fixed Term Fund Plan VII,Shariah Compliant Fixed Rate / Return (Annualized Return),100.6224,
Lucky Islamic Fixed Term Fund Plan VIII,Shariah Compliant Fixed Rate / Return (Annualized Return),100.4002,
Lucky Islamic Fixed Term Fund Plan X,Shariah Compliant Fixed Rate / Return (Annualized Return),100.0855,
Lucky Islamic Fixed Term Fund Plan XI,Shariah Compliant Fixed Rate / Return (Annualized Return),100.2563,
Meezan Paidaar Munafa Plan XXVII,Shariah Compliant Fixed Rate / Return (Annualized Return),51.2676,
Meezan Paidaar Munafa Plan XXX,Shariah Compliant Fixed Rate / Return (Annualized Return),50.662,
Meezan Paidaar Munafa Plan XXXI,Shariah Compliant Fixed Rate / Return (Annualized Return),50.561,
Meezan Paidaar Munafa Plan XXXII,Shariah Compliant Fixed Rate / Return (Annualized Return),50.2733,
NBP Islamic Fixed Term Munafa Plan IA (NBP Islamic Mustahkam Fund),Shariah Compliant Fixed Rate / Return (Annualized Return),10.0262,
NBP Islamic Fixed Term Munafa Plan IX (NBP Islamic Mustahkam Fund),Shariah Compliant Fixed Rate / Return (Annualized Return),10.1082,
NBP Islamic Fixed Term Munafa Plan VIII (NBP Islamic Mustahkam Fund),Shariah Compliant Fixed Rate / Return (Annualized Return),10.1627,
NBP Islamic Fixed Term Munafa Plan X (NBP Islamic Mustahkam Fund),Shariah Compliant Fixed Rate / Return (Annualized Return),10.06,
ABL Islamic Financial Planning Fund (Capital Preservation Plan I),Shariah Compliant Fund of Funds - CPPI (Absolute Return),112.2123,
Al Ameen Islamic Aggressive Income Fund,Shariah Compliant Aggressive Fixed Income (Annualized Return),105.9584,A+(f)
Al Ameen Islamic Aggressive Income Plan I,Shariah Compliant Aggressive Fixed Income (Annualized Return),117.8049,A+(f)
Faysal Islamic Financial Growth Fund (Faysal Islamic Financial Growth Plan I),Shariah Compliant Aggressive Fixed Income (Annualized Return),104.755,A+(f)
Faysal Islamic Financial Growth Fund (Faysal Islamic Financial Growth Plan II),Shariah Compliant Aggressive Fixed Income (Annualized Return),104.8942,
Faysal Islamic Financial Growth Fund II,Shariah Compliant Aggressive Fixed Income (Annualized Return),100.6356,
Meezan Balanced Fund,Shariah Compliant Balanced (Absolute Return),28.2024,
ABL Islamic Asset Allocation Fund,Shariah Compliant Asset Allocation (Absolute Return),10.1271,
Al Ameen Islamic Asset Allocation Fund,Shariah Compliant Asset Allocation (Absolute Return),220.9608,
Alfalah GHP Islamic Value Fund,Shariah Compliant Asset Allocation (Absolute Return),135.3447,
Alhamra Islamic Asset Allocation Fund,Shariah Compliant Asset Allocation (Absolute Return),219.7798,
AWT Islamic Asset Allocation Fund (Formerly AWT Stock Fund),Shariah Compliant Asset Allocation (Absolute Return),186.5269,
Faysal Islamic Asset Allocation Fund,Shariah Compliant Asset Allocation (Absolute Return),94.8413,
Faysal Islamic Asset Allocation Fund II,Shariah Compliant Asset Allocation (Absolute Return),121.9987,
Faysal Islamic Asset Allocation Fund III (Faysal Shariah Flex Plan I),Shariah Compliant Asset Allocation (Absolute Return),103.3615,
Faysal Islamic Asset Allocation Fund III (Faysal Shariah Flex Plan II),Shariah Compliant Asset Allocation (Absolute Return),101.2411,
HBL Islamic Asset Allocation Fund,Shariah Compliant Asset Allocation (Absolute Return),321.91,
Lakson Islamic Tactical Fund,Shariah Compliant Asset Allocation (Absolute Return),95.6728,
Meezan Asset Allocation Fund,Shariah Compliant Asset Allocation (Absolute Return),120.615,
Meezan Dynamic Asset Allocation Fund (Meezan Dividend Yield Plan),Shariah Compliant Asset Allocation (Absolute Return),89.0219,
NBP Islamic Sarmaya Izafa Fund,Shariah Compliant Asset Allocation (Absolute Return),37.4208,
Pak Oman Islamic Asset Allocation Fund,Shariah Compliant Asset Allocation (Absolute Return),49.0784,
Pak Qatar Asset Allocation Plan I (PQAAP  IA),Shariah Compliant Asset Allocation (Absolute Return),125.46,
Pak Qatar Asset Allocation Plan II (PQAAP  IIA),Shariah Compliant Asset Allocation (Absolute Return),122.8977,
Pak-Qatar Asset Allocation Plan III (PQAAP  IIIA),Shariah Compliant Asset Allocation (Absolute Return),176.2892,
ABL Islamic Financial Planning Fund (Active Allocation Plan),Shariah Compliant Fund of Funds (Absolute Return),105.1245,
ABL Islamic Financial Planning Fund (Conservative Allocation Plan),Shariah Compliant Fund of Funds (Absolute Return),121.2347,
Alfalah GHP Islamic Prosperity Planning Fund (Alfalah GHP Islamic Active Allocation Plan II),Shariah Compliant Fund of Funds (Absolute Return),103.0659,
Alfalah GHP Islamic Prosperity Planning Fund (Alfalah GHP Islamic Balance Allocation Plan),Shariah Compliant Fund of Funds (Absolute Return),109.0166,
Alfalah GHP Islamic Prosperity Planning Fund (Alfalah GHP Islamic Moderate Allocation Plan),Shariah Compliant Fund of Funds (Absolute Return),116.8592,
Alfalah KTrade Islamic Plan VII,Shariah Compliant Fund of Funds (Absolute Return),128.9641,
Alhamra Smart Portfolio,Shariah Compliant Fund of Funds (Absolute Return),168.0451,
Atlas Islamic Fund of Funds (Atlas Conservative Allocation Islamic Plan),Shariah Compliant Fund of Funds (Absolute Return),930.3148,
Faysal Islamic Financial Planning Fund II (Faysal Priority Ascend Plan I),Shariah Compliant Fund of Funds (Absolute Return),112.1208,
Faysal Islamic Financial Planning Fund II (Faysal Priority Ascend Plan II),Shariah Compliant Fund of Funds (Absolute Return),103.6888,
Faysal Islamic Financial Planning Fund II (Faysal Priority Ascend Plan III),Shariah Compliant Fund of Funds (Absolute Return),105.335,
Faysal Khushal Mustaqbil Fund (Faysal Barak’ah Women Savers Plan),Shariah Compliant Fund of Funds (Absolute Return),104.6414,
Faysal Khushal Mustaqbil Fund (Faysal Nu’umah Women Savers Plan),Shariah Compliant Fund of Funds (Absolute Return),104.6267,
Meezan Financial Planning Fund of Funds (Aggressive),Shariah Compliant Fund of Funds (Absolute Return),185.0654,
Meezan Financial Planning Fund of Funds (Conservative),Shariah Compliant Fund of Funds (Absolute Return),121.4798,
Meezan Financial Planning Fund of Funds (MAAP I),Shariah Compliant Fund of Funds (Absolute Return),146.5347,
Meezan Financial Planning Fund of Funds (Moderate),Shariah Compliant Fund of Funds (Absolute Return),146.2312,
Meezan Financial Planning Fund of Funds (Very Conservative Allocation Plan),Shariah Compliant Fund of Funds (Absolute Return),53.1667,
Meezan Strategic Allocation Fund (MSAP I),Shariah Compliant Fund of Funds (Absolute Return),96.9831,
Meezan Strategic Allocation Fund (MSAP II),Shariah Compliant Fund of Funds (Absolute Return),83.1527,
Meezan Strategic Allocation Fund (MSAP III),Shariah Compliant Fund of Funds (Absolute Return),92.214,
Meezan Strategic Allocation Fund (MSAP IV),Shariah Compliant Fund of Funds (Absolute Return),96.7353,
Meezan Strategic Allocation Fund (MSAP V),Shariah Compliant Fund of Funds (Absolute Return),109.0041,
KSE Meezan Index Fund,Shariah Compliant Index Tracker (Absolute Return),188.7548,
Meezan Gold Fund,Shariah Compliant Commodities (Absolute Return),281.563,
