Performance Summary | MUTUAL FUNDS ASSOCIATION OF PAKISTAN,,,,,,,,,,,,,,,,,
Sector,Category,Fund Name,Rating,Benchmark,Validity Date,NAV,YTD,MTD,1 Day,15 Days,30 Days,90 Days,180 Days,270 Days,365 Days,2 Years,3 Years
Open-End Funds,Money Market (Annualized Return),ABL Cash Fund,AA+(f),N/A,"Jan 02, 2026",10.7807,10.1099,10.6763,10.8405,10.3368,10.3575,10.2042,10.0691,10.6627,10.7562,16.5943,20.4753
Open-End Funds,Money Market (Annualized Return),ABL Money Market Plan I,AA+(f),N/A,"Jan 02, 2026",10.5173,9.8582,9.5448,9.3805,9.361,10.6775,9.9114,9.7394,10.4298,10.4654,16.3743,N/A
Open-End Funds,Money Market (Annualized Return),AKD Cash Fund,AA+(f),N/A,"Jan 01, 2026",54.6506,10.0931,10.0375,10.0375,10.568,11.5559,10.5031,10.0566,10.4022,10.6132,16.3503,20.2081
Open-End Funds,Money Market (Annualized Return),AL Habib Cash Fund,AAA(f),N/A,"Jan 02, 2026",106.89,10.2743,9.2345,9.344,9.6676,10.3295,10.2046,10.2599,10.6299,10.8158,16.3375,20.1316
Open-End Funds,Money Market (Annualized Return),AL Habib Money Market Fund,AAA(f),N/A,"Jan 02, 2026",105.6713,10.2157,9.271,9.125,9.5703,10.2687,10.1815,10.2022,10.5247,10.6865,16.2648,20.124
Open-End Funds,Money Market (Annualized Return),Alfalah Cash Fund - II (Formerly: Faysal Cash Fund),AA+(f),N/A,"Jan 01, 2026",107.6602,9.7667,11.315,11.315,11.0084,10.3551,9.9463,9.7498,10.5235,8.9547,17.3377,20.6104
Open-End Funds,Money Market (Annualized Return),Alfalah GHP Cash Fund,AA+(f),Nil,"Jan 01, 2026",529.0186,9.5928,9.0155,9.0155,9.125,9.2102,9.4417,9.5547,10.0309,10.1373,15.9088,19.926
Open-End Funds,Money Market (Annualized Return),Alfalah GHP Money Market Fund,AA+(f),N/A,"Dec 30, 2025",103.9848,10.0086,10.0558,10.22,10.2614,10.0558,10.0014,9.9941,10.4486,10.6936,16.455,20.3357
Open-End Funds,Money Market (Annualized Return),Alfalah Money Market Fund - II (Formerly: Faysal Money Market Fund),AA(f),N/A,"Jan 01, 2026",108.3387,9.4914,8.7965,8.7965,8.816,8.9279,9.1295,9.3783,10.1471,10.6614,15.8491,19.5362
Open-End Funds,Money Market (Annualized Return),Askari Cash Fund,AA+(f),N/A,"Jan 02, 2026",108.4763,9.0924,8.3403,8.3585,8.1298,8.3719,8.6225,9.0447,9.5369,9.8696,15.5146,19.6165
Open-End Funds,Money Market (Annualized Return),Atlas Liquid Fund,AA+(f),N/A,"Jan 01, 2026",528.0213,10.4729,N/A,10.6215,10.237,10.7249,10.5887,10.4147,10.7352,10.9029,16.6951,20.3679
Open-End Funds,Money Market (Annualized Return),Atlas Money Market Fund,AA+(f),N/A,"Dec 31, 2025",539.9262,10.5848,10.6474,9.417,10.164,10.6604,10.5558,10.5493,10.8352,10.967,16.7809,20.6088
Open-End Funds,Money Market (Annualized Return),HBL Cash Fund,AA+(f),N/A,"Dec 30, 2025",108.5002,9.9392,10.1055,9.709,10.4487,10.0923,10.0306,9.9168,10.673,10.6479,15.7437,19.7016
Open-End Funds,Money Market (Annualized Return),HBL Money Market Fund,AA+(f),N/A,"Dec 31, 2025",108.6017,9.6246,9.2637,8.8695,9.1785,9.2637,9.4697,9.5403,10.1819,10.1189,15.7615,19.4326
Open-End Funds,Money Market (Annualized Return),JS Cash Fund,AA+(f),N/A,"Jan 01, 2026",110.7585,10.4362,17.4105,17.4105,16.043,13.1643,10.4771,10.4102,10.6625,10.7667,16.553,20.4729
Open-End Funds,Money Market (Annualized Return),JS Money Market Fund,AA+(f),N/A,"Jan 02, 2026",116.63,10.5084,9.5813,9.4535,9.4803,9.58,9.7029,10.4749,10.6854,10.3294,16.6284,N/A
Open-End Funds,Money Market (Annualized Return),Lakson Money Market Fund,AA+(f),N/A,"Jan 02, 2026",108.0698,10.0263,10.512,10.512,10.0278,10.0071,10.1004,10.0089,10.542,10.767,16.6667,20.6765
Open-End Funds,Money Market (Annualized Return),MCB Cash Management Optimizer,AA+(f),N/A,"Jan 02, 2026",107.5058,9.9688,10.4755,10.439,9.984,10.0241,9.9763,9.9317,10.3568,10.5966,16.4696,20.1826
Open-End Funds,Money Market (Annualized Return),NBP Cash Plan I,,N/A,"Jan 01, 2026",10.5826,9.7348,9.6725,9.6725,9.6725,9.7467,9.7001,9.7291,10.1589,10.3074,16.2871,N/A
Open-End Funds,Money Market (Annualized Return),NBP Cash Plan II,,N/A,"Jan 01, 2026",10.0027,9.9406,9.855,9.855,10.3125,10.175,9.9856,9.9146,10.361,10.4806,16.5311,N/A
Open-End Funds,Money Market (Annualized Return),NBP Government Securities Liquid Fund,AAA(f),N/A,"Jan 01, 2026",10.8215,9.8023,9.125,9.125,9.2321,9.827,9.7674,9.7222,10.3528,10.485,16.4927,20.5453
Open-End Funds,Money Market (Annualized Return),NBP Money Market Fund,AA(f),N/A,"Jan 01, 2026",10.5439,10.0509,10.0375,10.0375,9.9864,10.0996,10.0635,10.0057,10.4701,10.6028,16.5365,20.389
Open-End Funds,Money Market (Annualized Return),NIT Money Market Fund,AAA(f),N/A,"Jan 02, 2026",10.2799,10.4566,11.5523,10.658,10.5071,10.8186,10.5899,10.4086,10.8271,11.0587,17.0079,21.047
Open-End Funds,Money Market (Annualized Return),Pakistan Cash Management Fund,AA+(f),N/A,"Jan 01, 2026",50.4678,9.8641,11.6435,11.6435,9.0909,9.0046,9.9183,9.8378,9.9818,10.2037,16.2094,19.8806
Open-End Funds,Money Market (Annualized Return),UBL Cash Fund,AA+(f),N/A,"Jan 01, 2026",105.3492,9.8084,17.155,17.155,10.4171,10.2431,9.724,9.7988,10.1908,10.4829,16.253,20.026
Open-End Funds,Money Market (Annualized Return),UBL Liquidity Fund,,N/A,"Jan 01, 2026",103.2864,10.5377,10.0375,10.0375,10.1811,10.2614,10.379,N/A,N/A,N/A,N/A,N/A
Open-End Funds,Money Market (Annualized Return),UBL Liquidity Plus Fund,AA+(f),N/A,"Jan 02, 2026",106.6745,10.0527,4.891,N/A,9.3416,9.9353,9.926,10.0063,10.3027,10.5466,16.3027,20.3746
Open-End Funds,Money Market (Annualized Return),UBL Money Market Fund,AA+(f),N/A,"Jan 01, 2026",106.2837,10.0438,10.001,10.001,9.9645,10.1969,9.9637,10.033,10.3533,10.7486,16.3442,20.0408
Open-End Funds,Income (Annualized Return),ABL Financial Sector Fund Plan I,A+(f),N/A,"Jan 01, 2026",10.5388,10.4124,10.4025,10.4025,11.1325,11.2554,10.6268,10.382,10.6023,10.9908,16.7754,N/A
Open-End Funds,Income (Annualized Return),ABL Government Securities Fund,AA-(f),N/A,"Jan 01, 2026",10.6922,10.1979,8.8695,8.8695,10.3757,11.3247,10.3826,9.8789,11.1183,11.1625,17.6122,21.3926
Open-End Funds,Income (Annualized Return),ABL Income Fund,A+(f),N/A,"Jan 01, 2026",10.7146,9.9903,9.8915,9.8915,13.4734,12.4575,9.9069,9.8094,11.3238,11.4208,17.7228,19.7173
Open-End Funds,Income (Annualized Return),AL Habib Government Securities Fund,AAA(f),N/A,"Dec 31, 2025",105.6718,10.2621,10.7722,5.986,9.7309,10.7943,10.3587,10.1975,11.1613,11.2355,17.0064,N/A
Open-End Funds,Income (Annualized Return),AL Habib Income Fund,AA(f),N/A,"Dec 31, 2025",107.5767,10.3345,11.3126,(3.1025),10.0764,11.3515,10.5517,10.2869,10.7849,10.9648,16.8513,20.7896
Open-End Funds,Income (Annualized Return),AL Habib Sovereign Income Fund Plan 1,,N/A,"Dec 31, 2025",105.4175,10.7467,10.9253,9.125,10.439,10.9366,11.1536,10.6235,N/A,N/A,N/A,N/A
Open-End Funds,Income (Annualized Return),AL Habib Sovereign Income Fund Plan 2,,N/A,"Dec 31, 2025",105.5024,10.9151,11.0395,9.0155,10.4779,11.0534,10.9289,10.8606,N/A,N/A,N/A,N/A
Open-End Funds,Income (Annualized Return),AL Habib Sovereign Income Fund Plan 3,,N/A,"Dec 22, 2025",105.272,10.9959,11.0894,10.293,11.2347,10.9792,10.9723,10.936,N/A,N/A,N/A,N/A
Open-End Funds,Income (Annualized Return),Alfalah Financial Sector Income Fund,A+(f),N/A,"Dec 31, 2025",105.6573,10.5231,11.3762,10.3295,11.1666,11.3454,10.7862,10.4656,10.8678,11.3182,5.1512,N/A
Open-End Funds,Income (Annualized Return),Alfalah Financial Sector Opportunity Fund  (Formerly: Faysal Financial Sector Opportunity Fund),A+(f),N/A,"Dec 31, 2025",122.6885,14.0751,17.3116,238.491,24.5791,17.5334,13.2742,14.2364,13.2058,13.5069,16.4837,20.9942
Open-End Funds,Income (Annualized Return),Alfalah GHP Income Fund,AA-(f),12,"Dec 30, 2025",120.3117,10.4426,11.7031,37.0475,14.4224,11.7031,11.3645,10.4285,10.8953,11.5525,17.226,21.715
Open-End Funds,Income (Annualized Return),Alfalah GHP Sovereign Fund,AA-(f),N/A,"Dec 31, 2025",113.4504,10.4695,19.1872,2.3725,19.7124,19.6175,11.826,9.8365,12.8369,12.0205,17.8809,21.9255
Open-End Funds,Income (Annualized Return),Alfalah Government Securities Fund - II (Formerly: Faysal Government Securities Fund),AA(f),N/A,"Dec 30, 2025",132.8745,10.6153,20.3342,20.9875,28.6501,20.3342,12.6347,10.1509,12.9944,19.0565,16.5814,18.2464
Open-End Funds,Income (Annualized Return),Alfalah Government Securities Fund Plan I,,N/A,"Dec 31, 2025",106.1807,11.7645,28.729,8.1395,26.1608,29.2852,15.2854,10.8515,13.928,13.3334,N/A,N/A
Open-End Funds,Income (Annualized Return),Alfalah Government Securities Fund Plan II,,N/A,"Dec 31, 2025",104.877,9.494,14.8143,4.818,15.1694,14.7278,10.8328,8.9204,11.9593,11.6651,N/A,N/A
Open-End Funds,Income (Annualized Return),Alfalah MTS Fund (Formerly: Faysal MTS Fund),AA-(f),N/A,"Jan 01, 2026",109.6565,11.4535,10.9865,10.9865,10.1543,10.4792,11.081,11.4202,11.7389,11.5714,15.902,20.4882
Open-End Funds,Income (Annualized Return),Alfalah Savings Growth Fund (Formerly: Faysal Savings Growth Fund),AA-(f),N/A,"Dec 30, 2025",110.7447,12.2227,22.5862,41.0625,32.4461,22.5862,14.1932,11.8301,13.0374,13.8824,20.6431,22.6385
Open-End Funds,Income (Annualized Return),Askari Sovereign Yield Enhancer,AA-(f),N/A,"Dec 31, 2025",109.1461,9.2168,8.886,8.322,8.5532,8.8853,9.1347,9.1962,10.013,10.1623,16.2988,20.9941
Open-End Funds,Income (Annualized Return),Atlas Income Fund,AA-(f),N/A,"Dec 31, 2025",558.0125,10.7784,12.7338,11.7895,11.989,12.786,11.1345,10.6927,11.7412,11.4156,17.4404,20.4667
Open-End Funds,Income (Annualized Return),Atlas Sovereign Fund,AA-(f),N/A,"Dec 31, 2025",108.3543,10.9268,14.9085,11.534,14.5757,14.9614,11.9347,10.6643,11.4253,11.2154,18.3621,20.8688
Open-End Funds,Income (Annualized Return),AWT Financial Sector Income Fund,A+(f),N/A,"Dec 31, 2025",104.0567,7.3432,7.0575,7.6285,7.081,7.0518,7.1049,7.3245,7.92,8.4245,14.8093,19.9228
Open-End Funds,Income (Annualized Return),AWT Income Fund,A+(f),N/A,"Dec 31, 2025",116.1341,9.7657,10.1847,18.8705,10.2881,10.1981,9.75,9.7481,10.2523,10.5396,17.0935,21.3053
Open-End Funds,Income (Annualized Return),HBL Financial Sector Income Fund Plan I,,N/A,"Dec 29, 2025",107.409,9.7343,10.0803,8.1395,11.3199,10.0606,9.7293,9.6755,10.7479,10.9449,16.7128,21.0555
Open-End Funds,Income (Annualized Return),HBL Financial Sector Income Fund Plan II,,N/A,"Dec 30, 2025",100,11.6447,10.6831,10.512,10.4925,11.3953,10.9662,11.6522,11.6573,11.7375,N/A,N/A
Open-End Funds,Income (Annualized Return),HBL Government Securities Fund,AA-(f),N/A,"Dec 30, 2025",120.9634,12.0659,25.112,42.851,38.016,25.112,14.4901,11.5985,12.4211,11.9434,18.5652,21.9363
Open-End Funds,Income (Annualized Return),HBL Income Fund,A+(f),N/A,"Dec 30, 2025",119.5716,11.0812,19.3706,24.455,25.0341,19.3706,12.7791,11.0425,10.9996,10.6719,16.7095,20.7608
Open-End Funds,Income (Annualized Return),JS Government Securities Fund,AA(f),N/A,"Jan 01, 2026",117.9851,10.3788,7.7015,7.7015,13.9357,18.5323,12.0657,10.0785,11.7027,11.1677,17.1029,20.7102
Open-End Funds,Income (Annualized Return),JS Income Fund,A+(f),N/A,"Jan 01, 2026",122.2455,9.7382,8.395,8.395,9.5679,7.5202,8.7783,9.5523,10.8993,10.8309,15.8541,18.8865
Open-End Funds,Income (Annualized Return),JS Microfinance Sector Fund,A(f),N/A,"Dec 31, 2025",114.346,11.3426,11.0583,11.023,11.0279,11.0559,11.2152,11.3476,11.3926,11.7091,17.7211,22.5719
Open-End Funds,Income (Annualized Return),Lakson Income Fund,A+(f),N/A,"Dec 30, 2025",108.3536,11.9381,16.8533,24.0535,22.2042,16.8533,12.7555,11.7033,13.4866,12.9605,18.9077,18.3138
Open-End Funds,Income (Annualized Return),MCB DCF Income Fund,AA-(f),N/A,"Dec 31, 2025",114.9367,9.7913,11.6305,9.5265,12.393,11.4586,9.9523,9.6496,10.6777,10.654,16.3233,19.2804
Open-End Funds,Income (Annualized Return),MCB Government Securities Plan I,AA(f),N/A,"Dec 31, 2025",105.7313,10.6169,12.9245,5.5845,12.775,13.0634,11.0194,10.3364,11.7245,11.7729,N/A,N/A
Open-End Funds,Income (Annualized Return),MCB Pakistan Sovereign Fund,AA-(f),N/A,"Dec 31, 2025",58.01,10.7421,16.6734,18.8705,17.3205,16.7973,12.0211,10.2453,12.5755,12.1129,17.972,20.8339
Open-End Funds,Income (Annualized Return),NBP Financial Sector Income Fund,A+(f),N/A,"Jan 01, 2026",11.2452,10.4646,10.074,10.074,11.1301,11.545,10.7776,10.4319,10.8667,11.0511,16.8678,21.0569
Open-End Funds,Income (Annualized Return),NBP Government Securities Plan IV,AA(f),N/A,"Jan 01, 2026",10.6232,10.8014,8.9425,8.9425,14.6097,17.6964,12.4051,10.5254,11.8019,11.7249,17.9195,N/A
Open-End Funds,Income (Annualized Return),NBP Government Securities Plan VIII,,N/A,"Jan 01, 2026",10.4006,11.295,10.1835,10.1835,13.5756,14.2496,12.0332,N/A,N/A,N/A,N/A,N/A
Open-End Funds,Income (Annualized Return),NBP Government Securities Savings Fund,AA-(f),N/A,"Jan 01, 2026",11.1198,11.0528,8.8695,8.8695,15.128,19.7696,12.8184,10.6142,12.2293,11.8379,18.0889,21.7538
Open-End Funds,Income (Annualized Return),NBP Income Opportunity Fund,A+(f),N/A,"Jan 01, 2026",11.8091,16.3907,23.506,23.506,12.1131,11.4817,11.0092,16.3776,17.4675,16.1228,20.2223,22.7972
Open-End Funds,Income (Annualized Return),NBP Income Plan I,,N/A,"Jan 01, 2026",10.1405,10.1825,9.709,9.709,11.0011,11.3515,10.617,10.1979,10.5524,10.7351,16.6801,N/A
Open-End Funds,Income (Annualized Return),NBP Mahana Amdani Fund,AA-(f),N/A,"Jan 01, 2026",10.8495,10.5842,10.7675,10.7675,10.6312,10.5996,10.669,10.5219,10.8079,11.1151,16.6244,20.6858
Open-End Funds,Income (Annualized Return),NBP Savings Fund,A+(f),N/A,"Jan 02, 2026",10.7026,15.6252,9.8915,9.8915,9.7236,9.8331,10.1255,15.7287,14.3764,13.841,18.4231,21.5525
Open-End Funds,Income (Annualized Return),NIT - Government Bond Fund,AA(f),N/A,"Jan 01, 2026",10.5846,10.0742,8.979,8.979,12.0377,13.3286,10.4224,9.8408,11.3399,11.3465,17.2737,20.8318
Open-End Funds,Income (Annualized Return),NIT - Income Fund,AA-(f),N/A,"Jan 01, 2026",10.8344,10.176,9.782,9.782,12.0304,12.2506,10.6722,10.0847,10.9638,11.0002,16.4301,20.4305
Open-End Funds,Income (Annualized Return),NIT Social Impact Fund,A+(f),N/A,"Jan 01, 2026",10.8225,10.5615,11.1325,11.1325,12.2032,11.8053,10.8385,10.5205,10.9672,11.2392,16.7629,21.105
Open-End Funds,Income (Annualized Return),Pak Oman Income Fund,A+(f),N/A,"Dec 31, 2025",11.336,7.9102,7.3789,8.687,7.2562,7.3754,7.5101,7.885,8.0827,8.4566,14.3191,19.3777
Open-End Funds,Income (Annualized Return),Pak Oman Micro Finance Fund,,N/A,"Jan 01, 2026",0,(61.1390),(36500.0000),(36500.0000),(2433.3333),(1216.6667),(405.5556),(202.7778),(135.1852),(100.0000),N/A,N/A
Open-End Funds,Income (Annualized Return),Pakistan Income Fund,AA(f),N/A,"Dec 31, 2025",57.9456,10.5342,11.096,9.4535,11.1033,10.8247,9.9714,9.8803,11.4564,11.4312,17.6439,20.684
Open-End Funds,Income (Annualized Return),UBL Government Securities Fund,AA(f),N/A,"Dec 31, 2025",113.0838,12.2202,22.0319,9.855,21.9097,22.3818,13.9815,11.4642,14.1209,13.8662,19.0461,22.0482
Open-End Funds,Income (Annualized Return),UBL Income Opportunity Fund,AA-(f),N/A,"Dec 31, 2025",114.2681,11.8165,15.1393,6.716,15.0526,15.2035,12.3334,11.5612,12.3662,12.2687,17.8057,21.6796
Open-End Funds,Equity (Absolute Return),ABL Stock Fund,,N/A,"Jan 01, 2026",39.6304,39.972,1.2082,1.2082,4.0225,5.9104,4.5776,34.839,45.3179,46.0238,173.2127,346.3674
Open-End Funds,Equity (Absolute Return),AKD Opportunity Fund,,N/A,"Jan 01, 2026",229.2394,37.8136,2.0031,2.0031,1.4368,4.9906,1.7005,31.7282,56.7204,44.1605,114.1407,140.3254
Open-End Funds,Equity (Absolute Return),AL Habib Stock Fund,,N/A,"Dec 31, 2025",179.3231,39.0224,5.4214,(0.2337),2.4229,4.4905,4.5643,31.984,47.1495,55.882,229.6327,423.1537
Open-End Funds,Equity (Absolute Return),Alfalah GHP Alpha Fund,,N/A,"Jan 01, 2026",120.6,43.2985,1.2254,1.2254,3.4838,8.4337,6.9054,36.1789,52.2011,51.4009,191.577,370.8826
Open-End Funds,Equity (Absolute Return),Alfalah GHP Stock Fund,,N/A,"Jan 01, 2026",208.2942,41.6245,1.1729,1.1729,3.4786,8.2727,6.7566,34.12,46.3601,45.2286,179.8342,363.3219
Open-End Funds,Equity (Absolute Return),Alfalah Stock Fund - II (Formerly: Faysal Stock Fund),,N/A,"Jan 01, 2026",83.2542,30.7384,1.2228,1.2228,3.2108,7.598,6.9693,25.2319,39.693,40.6517,149.1424,70.1139
Open-End Funds,Equity (Absolute Return),Atlas Stock Market Fund,,N/A,"Dec 31, 2025","2,177.9978",36.174,4.3526,(0.4025),1.8279,3.6565,2.8439,30.2766,42.8284,44.1525,166.0266,338.0622
Open-End Funds,Equity (Absolute Return),First Capital Mutual Fund,,N/A,"Jan 01, 2026",0,(100.0000),(100.0000),(100.0000),(100.0000),(100.0000),(100.0000),(100.0000),(100.0000),(100.0000),(100.0000),(100.0000)
Open-End Funds,Equity (Absolute Return),Golden Arrow Stock Fund,,N/A,"Jan 01, 2026",38.8563,32.9125,1.5209,1.5209,2.1513,3.92,(0.5159),27.2125,48.2973,40.5128,130.5325,213.0735
Open-End Funds,Equity (Absolute Return),HBL Energy Fund,,N/A,"Dec 31, 2025",34.6873,29.6159,5.023,0.2709,2.0362,3.1151,2.6279,27.0271,25.7054,15.1928,112.557,260.062
Open-End Funds,Equity (Absolute Return),HBL Equity Fund,,N/A,"Dec 30, 2025",251.1462,34.6878,5.8693,0.8235,0.0451,5.8693,3.5457,29.304,30.0571,19.876,146.7803,267.0933
Open-End Funds,Equity (Absolute Return),HBL Growth Fund-Class A,,N/A,"Dec 23, 2025",50.1641,18.628,(0.8276),(0.8485),(3.2194),0.2328,(0.3657),18.389,9.0358,6.0259,128.5022,232.0799
Open-End Funds,Equity (Absolute Return),HBL Growth Fund-Class B,,N/A,"Dec 23, 2025",42.6695,35.1164,5.8781,(0.6186),3.3568,8.8441,7.3214,37.4919,33.5798,26.754,133.1211,273.6536
Open-End Funds,Equity (Absolute Return),HBL Investment Fund-Class A,,N/A,"Dec 29, 2025",18.5894,22.1934,1.6864,1.053,(1.3877),1.682,(1.0228),18.8125,10.8306,9.9884,142.1956,218.492
Open-End Funds,Equity (Absolute Return),HBL Investment Fund-Class B,,N/A,"Dec 29, 2025",20.0469,36.303,7.3422,0.9716,2.8526,7.3312,6.1278,33.1197,34.4068,31.6903,120.8662,239.1586
Open-End Funds,Equity (Absolute Return),HBL Stock Fund,,N/A,"Dec 30, 2025",234.0115,37.2929,5.1446,0.4426,0.373,5.1446,3.8486,32.7296,35.0991,27.6918,117.1142,246.1406
Open-End Funds,Equity (Absolute Return),JS Growth Fund,,N/A,"Dec 31, 2025",567.65,44.6316,5.0134,0.366,2.1983,4.2669,3.9842,38.5256,50.9911,58.5813,161.6832,308.3185
Open-End Funds,Equity (Absolute Return),JS Large Cap Fund,,N/A,"Jan 01, 2026",464.7,44.816,1.3279,1.3279,2.9167,5.6617,3.9388,38.4148,51.3496,55.4682,180.6561,330.0131
Open-End Funds,Equity (Absolute Return),Lakson Equity Fund,,N/A,"Dec 31, 2025",339.4303,38.3213,5.0213,(0.4795),1.9363,4.3068,2.6632,33.4213,43.9195,51.1908,166.6827,324.0055
Open-End Funds,Equity (Absolute Return),MCB Pakistan Stock Market Fund,,N/A,"Jan 01, 2026",368.4886,42.6313,1.4487,1.4487,3.3048,7.6396,6.5419,36.1655,60.6138,62.5057,195.137,400.743
Open-End Funds,Equity (Absolute Return),National Investment Unit Trust,,N/A,"Jan 01, 2026",169.66,25.9914,1.1386,1.1386,2.2603,2.2849,(0.6674),20.7888,29.3154,23.1267,133.9718,224.3065
Open-End Funds,Equity (Absolute Return),NBP Financial Sector Fund,,N/A,"Jan 01, 2026",25.4774,62.0968,1.8974,1.8974,4.3168,6.6634,5.6041,43.8588,85.7499,90.4377,246.967,511.8039
Open-End Funds,Equity (Absolute Return),NBP Stock Fund,,N/A,"Jan 01, 2026",46.2689,43.2966,1.2759,1.2759,3.1556,6.4377,5.9447,37.3021,50.2741,47.4491,178.8462,356.026
Open-End Funds,Equity (Absolute Return),UBL Financial Sector Fund,,N/A,"Dec 31, 2025",347.1571,50.2365,4.6969,(0.1172),4.1935,4.8941,1.5438,34.2692,73.4857,91.3031,196.3373,461.3229
Open-End Funds,Equity (Absolute Return),UBL Stock Advantage Fund,,N/A,"Dec 31, 2025",275.46,33.4722,3.397,(0.3761),1.1122,2.6916,1.7772,28.9245,45.5138,48.0676,174.6824,358.8234
Open-End Funds,Capital Protected (Absolute Return),ABL Special Saving Fund (ABL Special Saving Plan I),,N/A,"Jan 01, 2026",10.6418,5.2737,0.0282,0.0282,0.4247,0.9247,2.6299,5.0471,10.4115,13.7867,37.6927,68.914
Open-End Funds,Capital Protected (Absolute Return),ABL Special Saving Fund (ABL Special Saving Plan II),,N/A,"Jan 01, 2026",11.0918,5.6835,0.0307,0.0307,0.4246,0.8602,2.5651,5.5096,9.6765,12.9556,33.1363,76.969
Open-End Funds,Capital Protected (Absolute Return),ABL Special Saving Fund (ABL Special Saving Plan III),,N/A,"Jan 01, 2026",10.7195,4.983,0.0261,0.0261,0.463,0.917,2.4691,4.8075,8.2676,11.3817,35.1558,64.9081
Open-End Funds,Capital Protected (Absolute Return),ABL Special Saving Fund (ABL Special Saving Plan IV),,N/A,"Jan 01, 2026",10.7268,5.7275,0.0289,0.0289,0.4683,0.9828,2.7973,5.5995,9.233,13.0482,35.9318,65.0394
Open-End Funds,Capital Protected (Absolute Return),ABL Special Saving Fund (ABL Special Saving Plan V),,N/A,"Jan 01, 2026",10.6373,5.095,0.0207,0.0207,0.4818,1.0008,2.5667,4.9271,8.3087,11.4098,34.9606,65.0947
Open-End Funds,Capital Protected (Absolute Return),ABL Special Saving Fund (ABL Special Saving Plan VI),,N/A,"Jan 01, 2026",10.5782,5.1961,0.0293,0.0293,0.4759,0.9929,2.8528,5.1438,10.1224,13.5377,38.2346,69.5851
Open-End Funds,Capital Protected (Absolute Return),Alfalah Special Savings Fund - I (Formerly: Faysal Special Savings Plan I),,N/A,"Dec 31, 2025",142.9958,5.8131,2.2334,0.0392,1.037,2.1968,3.6126,5.6801,11.3859,12.391,22.5633,44.6914
Open-End Funds,Capital Protected (Absolute Return),Alfalah Special Savings Fund - II (Formerly: Faysal Special Savings Plan II),,N/A,"Dec 31, 2025",112.1503,4.9507,0.9007,0.0144,0.4235,0.8721,2.6641,4.8232,10.5383,19.3982,58.1476,92.1087
Open-End Funds,Capital Protected - Income (Annualized Return),UBL Special Savings Plan V,,N/A,"Dec 31, 2025",106.7889,9.1633,9.0414,10.1835,8.7162,9.0532,9.1725,9.1514,9.574,9.6518,N/A,N/A
Open-End Funds,Capital Protected - Income (Annualized Return),UBL Special Savings Plan X,,N/A,"Dec 30, 2025",107.6819,11.0166,17.0017,17.0455,23.4719,17.0017,12.1748,10.8322,12.7608,12.9347,6.5092,N/A
Open-End Funds,Fixed Rate / Return (Annualized Return),ABL Fixed Rate Plan XIX,,Average three (3) months PKRV Rates,"Jan 01, 2026",10.5436,10.7251,10.0375,10.0375,12.247,13.0634,11.328,10.4601,N/A,N/A,N/A,N/A
Open-End Funds,Fixed Rate / Return (Annualized Return),ABL Fixed Rate Plan XVIII,,N/A,"Jan 01, 2026",10.4816,10.4633,10.1105,10.1105,10.1397,10.6556,10.6823,N/A,N/A,N/A,N/A,N/A
Open-End Funds,Fixed Rate / Return (Annualized Return),ABL Fixed Rate Plan XX,,N/A,"Jan 01, 2026",10.235,10.9968,10.3295,10.3295,10.9622,11.0838,N/A,N/A,N/A,N/A,N/A,N/A
Open-End Funds,Fixed Rate / Return (Annualized Return),ABL Fixed Rate Plan XXI,,N/A,"Jan 01, 2026",10.1482,10.8186,10.804,10.804,10.6921,10.7286,N/A,N/A,N/A,N/A,N/A,N/A
Open-End Funds,Fixed Rate / Return (Annualized Return),ABL Fixed Rate Plan XXII,,N/A,"Jan 01, 2026",10.1086,13.6686,10.4755,10.4755,12.5828,13.213,N/A,N/A,N/A,N/A,N/A,N/A
Open-End Funds,Fixed Rate / Return (Annualized Return),ABL Fixed Rate Plan XXIII,,N/A,"Jan 01, 2026",10.0867,14.3843,10.877,10.877,12.5609,N/A,N/A,N/A,N/A,N/A,N/A,N/A
Open-End Funds,Fixed Rate / Return (Annualized Return),Al Ameen Islamic Fixed Return Plan I (P),,N/A,"Dec 31, 2025",100,16.2915,67.1977,5.183,4.5187,69.2429,27.0197,16.5189,12.8733,N/A,N/A,N/A
Open-End Funds,Fixed Rate / Return (Annualized Return),AL Habib Fixed Return Fund Plan 19,,N/A,"Dec 31, 2025",106.6321,12.8385,27.9143,7.3,27.8008,28.6817,16.0146,11.7092,15.3301,N/A,N/A,N/A
Open-End Funds,Fixed Rate / Return (Annualized Return),AL Habib Fixed Return Fund Plan 20,,N/A,"Dec 31, 2025",105.5384,10.8109,11.4528,10.804,10.5144,11.4805,11.0863,10.6116,12.0053,N/A,N/A,N/A
Open-End Funds,Fixed Rate / Return (Annualized Return),AL Habib Fixed Return Fund Plan 22,,N/A,"Dec 31, 2025",105.3709,10.6542,12.8598,15.3665,11.5875,12.9514,11.4022,10.3741,N/A,N/A,N/A,N/A
Open-End Funds,Fixed Rate / Return (Annualized Return),AL Habib Fixed Return Fund Plan 23,,N/A,"Dec 31, 2025",103.976,11.0782,15.3112,16.133,14.2593,15.4638,11.9935,N/A,N/A,N/A,N/A,N/A
Open-End Funds,Fixed Rate / Return (Annualized Return),AL Habib Fixed Return Fund Plan 24,,N/A,"Dec 31, 2025",103.9051,10.8806,13.6887,19.053,12.5292,13.7958,11.4878,N/A,N/A,N/A,N/A,N/A
Open-End Funds,Fixed Rate / Return (Annualized Return),AL Habib Fixed Return Fund Plan 25,,N/A,"Dec 31, 2025",102.7508,10.7962,10.8982,11.6435,10.8794,10.905,10.8117,N/A,N/A,N/A,N/A,N/A
Open-End Funds,Fixed Rate / Return (Annualized Return),AL Habib Fixed Return Fund Plan 26,,N/A,"Dec 31, 2025",100.6894,10.9405,10.9405,10.877,11.2225,N/A,N/A,N/A,N/A,N/A,N/A,N/A
Open-End Funds,Fixed Rate / Return (Annualized Return),Alfalah Stable Return Fund Plan XVIII,,N/A,"Dec 31, 2025",105.5433,10.4241,10.479,9.855,9.8793,10.4913,10.5708,10.3017,11.5455,N/A,N/A,N/A
Open-End Funds,Fixed Rate / Return (Annualized Return),Alfalah Stable Return Fund Plan XX,,N/A,"Dec 31, 2025",105.5233,10.7661,20.5154,14.6,20.788,20.5118,13.1647,10.0085,N/A,N/A,N/A,N/A
Open-End Funds,Fixed Rate / Return (Annualized Return),Alfalah Stable Return Fund Plan XXI,,N/A,"Dec 31, 2025",105.1654,9.7858,10.8264,10.1835,10.9257,10.8429,9.9698,9.6832,N/A,N/A,N/A,N/A
Open-End Funds,Fixed Rate / Return (Annualized Return),Alfalah Stable Return Fund Plan XXII,,N/A,"Dec 31, 2025",103.4653,11.1932,15.5773,17.3375,14.7728,15.74,11.9631,N/A,N/A,N/A,N/A,N/A
Open-End Funds,Fixed Rate / Return (Annualized Return),Alfalah Stable Return Fund Plan XXIII,,N/A,"Dec 31, 2025",102.6936,12.4451,16.153,19.3085,15.8361,16.223,N/A,N/A,N/A,N/A,N/A,N/A
Open-End Funds,Fixed Rate / Return (Annualized Return),Alfalah Stable Return Fund Plan XXIV,,N/A,"Dec 29, 2025",102.1627,11.6086,13.3829,7.9205,15.8532,13.2824,N/A,N/A,N/A,N/A,N/A,N/A
Open-End Funds,Fixed Rate / Return (Annualized Return),Alfalah Stable Return Fund Plan XXV,,N/A,"Dec 30, 2025",101.4882,11.0856,11.1422,10.22,11.6922,11.1422,N/A,N/A,N/A,N/A,N/A,N/A
Open-End Funds,Fixed Rate / Return (Annualized Return),Alfalah Stable Return Fund Plan XXVI,,N/A,"Dec 30, 2025",101.8978,16.4928,16.9068,15.0015,23.9002,16.9068,N/A,N/A,N/A,N/A,N/A,N/A
Open-End Funds,Fixed Rate / Return (Annualized Return),HBL Mehfooz Munafa Fund Plan IV,,N/A,"Sep 16, 2025",100,N/A,N/A,N/A,N/A,N/A,N/A,N/A,N/A,N/A,N/A,N/A
Open-End Funds,Fixed Rate / Return (Annualized Return),HBL Mehfooz Munafa Fund Plan X,,N/A,"Jul 29, 2025",100,N/A,N/A,N/A,N/A,N/A,N/A,N/A,N/A,N/A,N/A,N/A
Open-End Funds,Fixed Rate / Return (Annualized Return),HBL Mehfooz Munafa Fund Plan XII,,N/A,"Oct 16, 2025",100,N/A,N/A,N/A,N/A,N/A,N/A,N/A,N/A,N/A,N/A,N/A
Open-End Funds,Fixed Rate / Return (Annualized Return),HBL Mehfooz Munafa Fund Plan XIII,,N/A,"Nov 12, 2025",100,N/A,N/A,N/A,N/A,N/A,N/A,N/A,N/A,N/A,N/A,N/A
Open-End Funds,Fixed Rate / Return (Annualized Return),JS Fixed Term Munafa Fund (JS Fixed Term Munafa Plan I),,N/A,"Dec 31, 2025",114.4154,7.1211,5.9365,24.8565,36.2202,5.8011,6.1563,5.1789,11.3597,11.2479,N/A,N/A
Open-End Funds,Fixed Rate / Return (Annualized Return),JS Fixed Term Munafa Fund (JS Fixed Term Munafa Plan XIII),AAA(f),N/A,"Dec 31, 2025",110.7548,11.4453,28.2298,12.994,36.3175,28.56,15.6585,11.0406,12.9068,N/A,N/A,N/A
Open-End Funds,Fixed Rate / Return (Annualized Return),JS Fixed Term Munafa Fund (JS Fixed Term Munafa Plan XIV),AAA(f),N/A,"Dec 31, 2025",108.2276,11.7431,25.9185,12.045,25.1047,26.2423,15.1179,10.8022,13.0337,N/A,N/A,N/A
Open-End Funds,Fixed Rate / Return (Annualized Return),JS Fixed Term Munafa Fund (JS Fixed Term Munafa Plan XV),AAA(f),N/A,"Dec 31, 2025",106.3492,9.422,11.0206,13.8335,9.8526,11.0778,10.0412,9.2633,N/A,N/A,N/A,N/A
Open-End Funds,Fixed Rate / Return (Annualized Return),JS Fixed Term Munafa Fund (JS Fixed Term Munafa Plan XVI),,N/A,"Dec 31, 2025",106.4486,9.414,11.4151,14.1985,10.0643,11.4841,10.0691,9.2414,N/A,N/A,N/A,N/A
Open-End Funds,Fixed Rate / Return (Annualized Return),JS Fixed Term Munafa Fund (JS Fixed Term Munafa Plan XVIII),,N/A,"Dec 31, 2025",105.2504,12.4441,36.6024,16.9725,16.0089,37.2641,18.5335,N/A,N/A,N/A,N/A,N/A
Open-End Funds,Fixed Rate / Return (Annualized Return),JS Fixed Term Munafa Fund II (JS Fixed Term Munafa Plan I),,N/A,"Jan 01, 2026",106.6101,9.7254,8.5775,8.5775,11.7287,14.7594,11.1386,9.3201,N/A,N/A,N/A,N/A
Open-End Funds,Fixed Rate / Return (Annualized Return),JS Fixed Term Munafa Fund II (JS Fixed Term Munafa Plan IV),,N/A,"Jan 01, 2026",103.152,12.3708,9.125,9.125,25.9783,37.5609,12.2802,N/A,N/A,N/A,N/A,N/A
Open-End Funds,Fixed Rate / Return (Annualized Return),JS Fixed Term Munafa Fund II (JS Fixed Term Munafa Plan V),,N/A,"Jan 01, 2026",101.0485,9.8129,8.6505,8.6505,8.7259,10.2796,N/A,N/A,N/A,N/A,N/A,N/A
Open-End Funds,Fixed Rate / Return (Annualized Return),JS Fixed Term Munafa Fund II (JS Fixed Term Munafa Plan VI),,N/A,"Jan 01, 2026",102.0374,14.301,8.9425,8.9425,19.3693,33.7601,N/A,N/A,N/A,N/A,N/A,N/A
Open-End Funds,Fixed Rate / Return (Annualized Return),MCB DCF Fixed Return III (Plan IV),,N/A,"Dec 31, 2025",106.0052,10.5445,14.4823,18.542,12.5755,14.5416,11.7007,10.0876,12.5903,12.9178,N/A,N/A
Open-End Funds,Fixed Rate / Return (Annualized Return),MCB DCF Fixed Return III (Plan X),,N/A,"Dec 31, 2025",105.275,10.464,10.2589,9.8915,9.417,10.2614,10.5465,10.3437,N/A,N/A,N/A,N/A
Open-End Funds,Fixed Rate / Return (Annualized Return),MCB DCF Fixed Return Plan VIII,,N/A,"Dec 31, 2025",105.7188,10.2674,10.0528,6.6065,8.2028,10.0825,10.1543,10.0945,11.6726,N/A,N/A,N/A
Open-End Funds,Fixed Rate / Return (Annualized Return),MCB Pakistan Fixed Return Plan 25,,N/A,"Dec 31, 2025",102.8813,10.842,13.2012,13.0305,11.4245,13.2884,11.4091,N/A,N/A,N/A,N/A,N/A
Open-End Funds,Fixed Rate / Return (Annualized Return),MCB Pakistan Fixed Return Plan 26,,N/A,"Dec 31, 2025",102.2219,10.671,10.3048,9.9645,9.4486,10.3076,N/A,N/A,N/A,N/A,N/A,N/A
Open-End Funds,Fixed Rate / Return (Annualized Return),MCB Pakistan Fixed Return Plan 27,,N/A,"Dec 31, 2025",101.457,11.0793,10.7534,10.22,9.6409,10.7602,N/A,N/A,N/A,N/A,N/A,N/A
Open-End Funds,Fixed Rate / Return (Annualized Return),NBP Fixed Term Munafa Plan XIIA (NBP Mustahkam Fund II),,N/A,"Jan 01, 2026",10.0795,10.006,N/A,N/A,19.345,9.6725,N/A,N/A,N/A,N/A,N/A,N/A
Open-End Funds,Fixed Rate / Return (Annualized Return),NBP Fixed Term Munafa Plan XIII (NBP Mustahkam Fund II),,N/A,"Jan 01, 2026",10.2898,12.1583,N/A,N/A,33.2977,16.6489,N/A,N/A,N/A,N/A,N/A,N/A
Open-End Funds,Fixed Rate / Return (Annualized Return),NBP Fixed Term Munafa Plan XIVA (NBP Mustahkam Fund II),,N/A,"Jan 01, 2026",10.1656,10.7936,N/A,N/A,22.248,11.124,N/A,N/A,N/A,N/A,N/A,N/A
Open-End Funds,Fixed Rate / Return (Annualized Return),NBP Fixed Term Munafa Plan XIX,,N/A,"Jan 01, 2026",10.5702,10.7444,N/A,N/A,27.4942,13.7471,11.7449,11.0429,12.7976,12.8188,N/A,N/A
Open-End Funds,Fixed Rate / Return (Annualized Return),NBP Fixed Term Munafa Plan XVIA (NBP Mustahkam Fund II),,N/A,"Jan 01, 2026",10.1105,11.5236,N/A,N/A,23.3016,11.6508,N/A,N/A,N/A,N/A,N/A,N/A
Open-End Funds,Fixed Rate / Return (Annualized Return),NBP Fixed Term Munafa Plan XVIIA (NBP Mustahkam Fund II),,N/A,"Jan 01, 2026",10.0676,11.2155,N/A,N/A,16.4493,N/A,N/A,N/A,N/A,N/A,N/A,N/A
Open-End Funds,Fixed Rate / Return (Annualized Return),NBP Fixed Term Munafa Plan XVIIIA (NBP Mustahkam Fund II),,N/A,"Jan 01, 2026",10.2152,10.9094,N/A,N/A,22.9634,11.4817,N/A,N/A,N/A,N/A,N/A,N/A
Open-End Funds,Fixed Rate / Return (Annualized Return),UBL Fixed Return Plan I (U),,N/A,"Dec 31, 2025",105.7249,9.1508,10.5497,10.439,10.3952,10.5436,9.2617,9.0743,(97.1320),(71.1746),N/A,N/A
Open-End Funds,Fixed Rate / Return (Annualized Return),UBL Fixed Return Plan II (AB),,N/A,"Dec 31, 2025",105.3288,10.5707,11.1301,21.754,10.8673,11.1568,10.8235,10.4935,N/A,N/A,N/A,N/A
Open-End Funds,Fixed Rate / Return (Annualized Return),UBL Fixed Return Plan II (M),,N/A,"Dec 31, 2025",106.6256,12.6288,14.3092,14.4175,12.9794,14.4333,11.6719,12.6821,12.0304,11.4359,N/A,N/A
Open-End Funds,Fixed Rate / Return (Annualized Return),UBL Fixed Return Plan III (X),,N/A,"Dec 31, 2025",105.6249,10.826,10.4802,10.2565,10.3125,10.4731,10.6361,10.8227,9.0498,N/A,N/A,N/A
Open-End Funds,Fixed Rate / Return (Annualized Return),UBL Fixed Return Plan III (Y),,N/A,"Dec 31, 2025",101.3757,4.6579,12.1651,11.1325,11.1787,16.7377,9.5229,4.5163,N/A,N/A,N/A,N/A
Open-End Funds,Fixed Rate / Return (Annualized Return),UBL Fixed Return Plan III (Z),,N/A,"Dec 31, 2025",104.5518,10.1927,13.9277,13.578,12.4976,14.0379,11.5916,N/A,N/A,N/A,N/A,N/A
Open-End Funds,Fixed Rate / Return (Annualized Return),UBL Fixed Return Plan IV (G),,N/A,"Dec 31, 2025",105.0204,9.7852,9.5748,9.417,9.4754,9.574,9.7086,9.8481,(5.1953),(1.0965),N/A,N/A
Open-End Funds,Fixed Rate / Return (Annualized Return),UBL Fixed Return Plan IV (K),,N/A,"Dec 31, 2025",105.0504,9.8709,9.981,9.344,9.3659,9.9925,10.0334,9.7384,5.5553,N/A,N/A,N/A
Open-End Funds,Fixed Rate / Return (Annualized Return),UBL Fixed Return Plan IV (M),,N/A,"Dec 31, 2025",105.3268,10.4009,10.4625,9.855,9.8404,10.4767,10.538,10.2727,6.4295,N/A,N/A,N/A
Open-End Funds,Fixed Rate / Return (Annualized Return),UBL Fixed Return Plan IV (O),,N/A,"Dec 31, 2025",105.2059,10.1143,9.6913,9.5265,9.546,9.6847,9.8562,10.0864,6.3373,N/A,N/A,N/A
Open-End Funds,Aggressive Fixed Income (Annualized Return),AKD Aggressive Income Fund,A+(f),N/A,"Jan 01, 2026",58.9068,20.3208,20.513,20.513,12.4903,13.3663,11.2728,20.4471,37.9964,31.8693,29.4326,24.1347
Open-End Funds,Aggressive Fixed Income (Annualized Return),Alfalah GHP Income Multiplier Fund,A+(f),23,"Dec 31, 2025",61.155,23.9248,9.5807,11.2785,10.5339,9.3099,9.078,24.0628,21.1742,18.0022,20.9409,25.2341
Open-End Funds,Aggressive Fixed Income (Annualized Return),Alfalah Income & Growth Fund  (Formerly: Faysal Income & Growth Fund),A(f),N/A,"Dec 30, 2025",122.117,9.8682,9.5046,8.833,8.8646,9.5046,9.855,9.8499,1.2705,(0.3436),12.043,17.3062
Open-End Funds,Aggressive Fixed Income (Annualized Return),Askari High Yield Scheme,A(f),N/A,"Dec 31, 2025",108.0157,6.4428,6.119,5.767,6.1369,6.1186,6.1547,6.4228,7.6846,7.778,12.2772,15.9553
Open-End Funds,Aggressive Fixed Income (Annualized Return),MCB Investment Savings Plan I,AA+(f),N/A,"Dec 31, 2025",106.606,12.5746,10.6921,13.1765,10.9938,10.6957,10.688,12.6134,12.0023,11.608,N/A,N/A
Open-End Funds,Aggressive Fixed Income (Annualized Return),Pakistan Income Enhancement Fund,A+(f),N/A,"Dec 31, 2025",57.831,10.1603,15.3936,27.9225,16.1087,15.3811,10.7817,9.4926,11.7614,11.3528,17.3452,20.5677
Open-End Funds,Aggressive Fixed Income (Annualized Return),UBL Growth & Income Fund,A+(f),N/A,"Dec 31, 2025",90.1966,10.4767,15.5007,6.789,15.0891,15.6476,11.4468,10.2151,11.6236,11.7539,28.0631,33.5009
Open-End Funds,Balanced (Absolute Return),HBL Multi Asset Fund,,N/A,"Dec 30, 2025",227.2349,22.3831,4.299,0.3294,0.1289,4.299,4.4398,20.6115,23.6729,24.7112,103.756,193.6218
Open-End Funds,Balanced (Absolute Return),NBP Balanced Fund,,N/A,"Jan 01, 2026",44.047,31.6675,0.9088,0.9088,2.8189,4.886,5.6752,27.9473,36.4422,35.0088,121.1732,208.8008
Open-End Funds,Balanced (Absolute Return),Pakistan Capital Market Fund,,N/A,"Jan 01, 2026",31.49,32.3109,1.0915,1.0915,2.3732,5.177,4.7223,27.2838,44.0545,45.8916,126.5711,247.4203
Open-End Funds,Balanced (Absolute Return),Unit Trust of Pakistan,,N/A,"Jan 01, 2026",451.61,37.376,0.95,0.95,2.3085,4.7406,3.8709,32.9712,42.2824,47.8702,134.0346,230.8914
Open-End Funds,Asset Allocation (Absolute Return),ABL Optimal Asset Allocation Fund,,N/A,"Jan 01, 2026",10.6113,6.113,0.3698,0.3698,1.5756,2.3299,4.3618,N/A,N/A,N/A,N/A,N/A
Open-End Funds,Asset Allocation (Absolute Return),AL Habib Asset Allocation Fund,,N/A,"Dec 31, 2025",130.7238,30.3758,5.2448,(0.2172),2.3289,4.3957,4.3511,26.3457,34.9518,40.1114,184.7491,318.9739
Open-End Funds,Asset Allocation (Absolute Return),Alfalah Asset Allocation Fund (Formerly: Faysal Asset Allocation Fund),,N/A,"Jan 01, 2026",79.498,28.2847,0.9911,0.9911,1.7251,4.3115,1.0268,22.2294,34.9769,39.8882,141.6333,236.3547
Open-End Funds,Asset Allocation (Absolute Return),Alfalah Financial Value Fund (Alfalah Financial Value Plan I),,N/A,"Dec 30, 2025",145.1375,6.2929,1.3531,0.0783,0.792,1.3531,3.1823,6.0757,9.9602,13.8764,39.256,N/A
Open-End Funds,Asset Allocation (Absolute Return),Alfalah Financial Value Fund - II (Formerly Faysal Financial Value Fund),,N/A,"Dec 31, 2025",110.3309,7.3885,4.5905,(0.1768),2.9672,4.4145,5.3681,7.2945,8.8501,N/A,N/A,N/A
Open-End Funds,Asset Allocation (Absolute Return),Alfalah GHP Value Fund,,N/A,"Jan 01, 2026",93.3555,32.8762,0.9179,0.9179,3.3422,6.4173,5.2924,27.6337,39.9171,43.915,121.8422,230.5106
Open-End Funds,Asset Allocation (Absolute Return),Allied Finergy Fund,,N/A,"Jan 01, 2026",16.9868,31.8043,0.8244,0.8244,2.9903,4.4211,2.3215,26.2555,34.1248,32.3988,139.7456,273.6404
Open-End Funds,Asset Allocation (Absolute Return),Lakson Asset Allocation Developed Markets Fund,,N/A,"Dec 30, 2025",192.0928,3.2808,0.7322,0.024,0.6373,0.7322,1.8463,3.3427,5.4386,8.5491,21.2829,46.16
Open-End Funds,Asset Allocation (Absolute Return),Lakson Tactical Fund,,N/A,"Dec 30, 2025",110.4176,20.4149,4.2931,0.6887,2.1481,4.2931,6.434,19.7865,34.0199,36.9868,90.7424,140.2454
Open-End Funds,Asset Allocation (Absolute Return),MCB Pakistan Asset Allocation Fund,,N/A,"Jan 01, 2026",245.8653,34.778,1.4412,1.4412,2.8372,6.1293,3.9104,29.2107,46.1655,47.6914,156.9097,310.0049
Open-End Funds,Asset Allocation (Absolute Return),MCB Pakistan Opportunity Fund (MCB Pakistan  Dividend Yield Plan),,N/A,"Jan 01, 2026",362.5314,44.214,1.1978,1.1978,3.1316,7.3605,8.7499,38.6595,54.2951,62.0936,185.2155,368.5372
Open-End Funds,Asset Allocation (Absolute Return),NBP Sarmaya Izafa Fund,,N/A,"Jan 01, 2026",42.1967,41.7171,1.245,1.245,3.1956,6.4498,6.3264,36.2217,47.9601,48.3031,163.0182,298.0218
Open-End Funds,Asset Allocation (Absolute Return),NIT Asset Allocation Fund,,N/A,"Jan 01, 2026",20.7834,24.757,0.7114,0.7114,2.3137,3.9113,3.9212,21.1189,29.8277,28.8249,97.8079,173.4136
Open-End Funds,Asset Allocation (Absolute Return),Pak Oman Advantage Asset Allocation Fund,,N/A,"Jan 01, 2026",50.6841,24.178,0.6808,0.6808,2.9505,7.8661,3.029,20.8217,24.3097,23.3006,82.1401,148.8153
Open-End Funds,Asset Allocation (Absolute Return),UBL Asset Allocation Fund,,N/A,"Dec 31, 2025",342.0329,25.9524,2.2976,(0.2686),0.8979,2.0144,2.3773,25.2084,44.472,54.5204,126.6051,208.0542
Open-End Funds,Fund of Funds (Absolute Return),ABL Financial Planning Fund (Conservative Plan),,N/A,"Dec 31, 2025",118.7124,8.0129,1.3224,(0.0093),0.68,1.1956,2.4315,7.294,11.7406,15.1632,48.524,87.0571
Open-End Funds,Fund of Funds (Absolute Return),ABL Financial Planning Fund (Strategic Allocation Plan),,N/A,"Dec 31, 2025",102.7799,30.9472,4.1245,(0.3133),2.2781,3.5484,3.2025,26.7157,35.3614,38.8823,139.4077,243.2885
Open-End Funds,Fund of Funds (Absolute Return),Alfalah GHP Prosperity Planning Fund (Alfalah GHP Active Allocation Plan),,N/A,"Dec 31, 2025",126.9899,35.2276,5.5177,(0.2868),1.98,4.7293,4.0751,27.6609,41.6105,46.4073,162.3227,272.5046
Open-End Funds,Fund of Funds (Absolute Return),Alfalah GHP Prosperity Planning Fund (Alfalah GHP Conservative Allocation Plan),,N/A,"Dec 31, 2025",120.3338,10.7669,1.7164,(0.0373),0.7394,1.5355,2.6021,9.2821,14.2905,17.3574,60.1217,101.0657
Open-End Funds,Fund of Funds (Absolute Return),Alfalah GHP Prosperity Planning Fund (Alfalah GHP Moderate Allocation Plan),,N/A,"Dec 31, 2025",115.2452,16.1939,2.3395,(0.0200),0.7413,2.0076,3.2271,13.2032,20.3155,23.3788,78.4901,138.8728
Open-End Funds,Fund of Funds (Absolute Return),Alfalah GHP Prosperity Planning Fund (Capital Preservation Plan IV),,N/A,"Dec 31, 2025",115.8572,15.2973,2.949,(0.1175),1.2769,2.6817,3.4219,11.8501,20.7087,23.9471,N/A,N/A
Open-End Funds,Fund of Funds (Absolute Return),Alfalah Strategic Allocation Fund Plan - I,,N/A,"Dec 31, 2025",130.5377,30.4672,7.0683,(0.2299),2.3291,6.3338,5.5055,30.1822,32.9517,35.8644,N/A,N/A
Open-End Funds,Fund of Funds (Absolute Return),JS Fund of Funds,,N/A,"Jan 01, 2026",140.8,5.5393,N/A,N/A,0.4423,0.8596,2.6613,5.4208,8.108,6.6425,62.9166,144.277
Open-End Funds,Index Tracker (Absolute Return),AKD Index Tracker Fund,,N/A,"Jan 01, 2026",42.7459,39.1332,1.296,1.296,3.4556,5.0252,4.1151,32.49,46.1849,47.6165,161.5374,303.0698
Open-End Funds,Shariah Compliant Money Market (Annualized Return),ABL Islamic Cash Fund,AA+(f),N/A,"Jan 02, 2026",10.0877,10.1056,9.5995,9.417,9.2248,9.5594,9.8968,10.0993,10.3932,10.5815,16.09,19.7024
Open-End Funds,Shariah Compliant Money Market (Annualized Return),ABL Islamic Money Market Plan I,AA+(f),N/A,"Jan 02, 2026",10.5241,10.0294,9.709,9.709,9.2369,9.7066,9.8968,10.019,10.3561,10.572,15.6467,N/A
Open-End Funds,Shariah Compliant Money Market (Annualized Return),AKD Islamic Cash Fund (Formerly AKD Islamic Daily Dividend Fund),AA(f),N/A,"Jan 02, 2026",51.6988,8.6582,9.636,9.198,10.1373,10.3721,10.1425,10.2762,11.1124,10.5705,20.5337,N/A
Open-End Funds,Shariah Compliant Money Market (Annualized Return),Al Ameen Islamic Cash Fund,AA+(f),N/A,"Dec 31, 2025",106.2953,9.9601,10.1616,10.293,10.2005,10.1616,10.0468,9.9667,10.1557,10.1779,15.7079,19.2574
Open-End Funds,Shariah Compliant Money Market (Annualized Return),Al Ameen Islamic Cash Plan I,AA+(f),N/A,"Jan 01, 2026",105.6448,10.1855,10.2565,10.2565,10.4414,10.4135,10.3348,10.1162,10.5397,10.5499,16.236,19.7369
Open-End Funds,Shariah Compliant Money Market (Annualized Return),AL Habib Islamic Cash Fund,AA+(f),N/A,"Jan 02, 2026",105.2857,9.8982,8.7783,5.3655,8.9668,9.2613,9.5573,9.896,10.1231,10.4366,15.3897,19.0342
Open-End Funds,Shariah Compliant Money Market (Annualized Return),Alfalah Islamic Money Market Fund,AA(f),N/A,"Jan 01, 2026",105.4355,10.0405,8.906,8.906,9.8818,9.9317,9.9941,10.0604,10.344,10.4653,16.0288,N/A
Open-End Funds,Shariah Compliant Money Market (Annualized Return),Alfalah Islamic Rozana Amdani Fund,AA(f),N/A,"Dec 30, 2025",100,9.0733,8.8586,9.198,9.2321,8.8586,8.8695,9.0638,9.6348,9.7276,11.2628,13.9797
Open-End Funds,Shariah Compliant Money Market (Annualized Return),Alhamra Cash Management Optimizer,AA(f),N/A,"Jan 02, 2026",105.5007,10.1052,10.5668,9.709,10.3368,10.2346,10.1393,10.1028,10.3641,10.5539,16.1277,N/A
Open-End Funds,Shariah Compliant Money Market (Annualized Return),Alhamra Islamic Money Market Fund,AA+(f),N/A,"Jan 01, 2026",99.51,9.7231,12.8115,12.8115,9.8039,9.3464,9.4576,9.6934,9.7671,9.8749,15.7173,19.3357
Open-End Funds,Shariah Compliant Money Market (Annualized Return),Atlas Islamic Cash Fund,AA(f),N/A,"Dec 31, 2025",526.8621,10.0066,9.5642,10.6215,9.9377,9.608,9.8996,9.9171,10.3169,10.5911,N/A,N/A
Open-End Funds,Shariah Compliant Money Market (Annualized Return),Atlas Islamic Money Market Fund,AA(f),N/A,"Dec 31, 2025",531.4825,10.3583,10.5438,10.658,10.5509,10.5607,10.5047,10.3684,10.4279,10.5244,16.14,19.7829
Open-End Funds,Shariah Compliant Money Market (Annualized Return),AWT Islamic Money Market Fund (Formerly: AWT Money Market Fund),AA+(f),N/A,"Dec 31, 2025",123.9256,10.2301,10.1246,9.855,9.9256,10.0764,10.1855,10.2145,10.544,N/A,N/A,N/A
Open-End Funds,Shariah Compliant Money Market (Annualized Return),Faysal Halal Amdani Fund,AA(f),N/A,"Jan 02, 2026",106.6811,9.0238,8.2125,8.76,8.6432,8.8951,8.7957,8.9904,9.2709,9.4993,15.0815,18.8598
Open-End Funds,Shariah Compliant Money Market (Annualized Return),Faysal Islamic Cash Fund,AA(f),N/A,"Jan 02, 2026",104.8173,8.98,8.3038,8.76,8.7357,8.8306,8.762,8.9518,9.2323,9.6867,15.8112,19.6084
Open-End Funds,Shariah Compliant Money Market (Annualized Return),HBL Islamic Money Market Fund,AA+(f),N/A,"Dec 31, 2025",106.5387,9.7892,9.4389,19.418,9.5168,9.4389,9.5959,9.7761,10.4183,10.5154,15.6826,19.4641
Open-End Funds,Shariah Compliant Money Market (Annualized Return),HBL Islamic Savings Plan I,,N/A,"Dec 29, 2025",105.4083,9.5558,8.8589,N/A,10.3392,9.1542,9.0447,9.5153,10.2278,10.0564,N/A,N/A
Open-End Funds,Shariah Compliant Money Market (Annualized Return),JS Islamic Money Market Fund (Formerly: JS Islamic Daily Dividend Fund),AA(f),N/A,"Jan 02, 2026",108.9654,9.9718,9.7638,9.9645,9.4024,9.4231,9.5626,9.943,10.2347,10.6044,15.8962,19.5026
Open-End Funds,Shariah Compliant Money Market (Annualized Return),Lakson Islamic Money Market Fund,AA(f),N/A,"Jan 02, 2026",106.2738,10.0525,10.001,10.001,10.1105,10.1738,10.1369,10.0586,10.4955,10.7742,15.7264,19.2468
Open-End Funds,Shariah Compliant Money Market (Annualized Return),Lucky Islamic Money Market Fund,AA+(f),N/A,"Jan 02, 2026",105.3129,10.1279,10.1105,8.9425,10.1154,10.0606,10.0184,10.1127,10.3886,N/A,N/A,N/A
Open-End Funds,Shariah Compliant Money Market (Annualized Return),Mahaana Islamic Cash Fund,AA+(f),N/A,"Jan 02, 2026",112.1943,10.0464,9.8368,9.8185,9.8647,10.0253,9.9122,10.0495,10.3298,10.388,16.0999,N/A
Open-End Funds,Shariah Compliant Money Market (Annualized Return),Meezan Cash Fund,AA+(f),N/A,"Dec 31, 2025",53.8531,9.3557,9.3393,10.0375,9.3805,9.3404,9.331,9.3438,9.681,9.8639,15.2832,18.735
Open-End Funds,Shariah Compliant Money Market (Annualized Return),Meezan Rozana Amdani Fund,AA+(f),N/A,"Dec 31, 2025",50,9.2206,9.0473,11.972,8.9693,9.0459,9.1518,9.169,9.5041,9.6754,15.4135,19.0156
Open-End Funds,Shariah Compliant Money Market (Annualized Return),NBP Islamic Daily Dividend Fund,AA+(f),N/A,"Jan 02, 2026",10,10.3784,11.1325,10.585,11.3637,11.0595,10.394,10.3599,10.4885,10.4407,16.0505,19.5844
Open-End Funds,Shariah Compliant Money Market (Annualized Return),NBP Islamic Money Market Fund,AA(f),N/A,"Jan 02, 2026",10.6813,9.8785,9.9098,9.563,10.1811,10.0266,9.8509,9.8497,10.0921,10.3764,15.9064,19.3478
Open-End Funds,Shariah Compliant Money Market (Annualized Return),NIT Islamic Money Market Fund,AAA(f),N/A,"Jan 02, 2026",106.4223,9.9919,10.0923,9.8915,9.9767,9.9402,9.9239,9.9734,10.3268,10.7454,15.7785,19.35
Open-End Funds,Shariah Compliant Money Market (Annualized Return),Pak Oman Daily Dividend Fund,AA(f),N/A,"Jan 01, 2026",10,5.9116,N/A,5.475,5.4312,5.4495,5.5691,5.8927,6.046,6.4345,11.2053,14.2351
Open-End Funds,Shariah Compliant Money Market (Annualized Return),Pak Qatar Asan Munafa Plan,AA(f),N/A,"Jan 02, 2026",117.4798,9.9276,9.7273,9.855,10.0351,10.456,9.8428,9.9146,9.5499,9.7744,14.9385,18.4458
Open-End Funds,Shariah Compliant Money Market (Annualized Return),Pak Qatar Cash Plan,AA(f),N/A,"Jan 02, 2026",118.8813,10.1499,10.658,9.9645,10.3903,10.1823,10.1146,10.1642,10.5394,10.6427,16.1987,19.8952
Open-End Funds,Shariah Compliant Money Market (Annualized Return),Pak Qatar Daily Dividend Plan,AA(f),N/A,"Jan 02, 2026",100,10.043,4.672,N/A,10.4366,10.2395,10.2228,10.0154,9.9398,10.1532,15.7246,19.5149
Open-End Funds,Shariah Compliant Money Market (Annualized Return),786 Islamic Money Market Fund,,N/A,"Jan 01, 2026",105.1506,9.3349,8.906,8.906,8.7746,9.3185,9.2742,9.2929,9.387,8.7492,N/A,N/A
Open-End Funds,Shariah Compliant Income (Annualized Return),ABL Islamic Income Fund,A+(f),N/A,"Jan 01, 2026",10.758,8.8391,2653.9515,2653.9515,13.1449,10.4025,8.6002,8.8237,9.6875,9.3291,15.62,18.0178
Open-End Funds,Shariah Compliant Income (Annualized Return),ABL Islamic Sovereign Plan I,AA+(f),N/A,"Jan 01, 2026",10.4979,9.5443,6.2415,6.2415,9.3781,9.1895,8.8423,9.4659,9.605,8.7516,N/A,N/A
Open-End Funds,Shariah Compliant Income (Annualized Return),AKD Islamic Income Fund,AA-(f),N/A,"Jan 01, 2026",54.1764,9.8467,13.3955,13.3955,11.3272,10.5741,9.6246,9.7684,11.2608,11.0873,16.4262,19.9111
Open-End Funds,Shariah Compliant Income (Annualized Return),Al Ameen Islamic Income Fund,AA(f),N/A,"Dec 31, 2025",104.4718,8.417,9.6348,7.5555,9.2126,9.58,8.3467,8.4159,9.8236,9.4707,16.1892,N/A
Open-End Funds,Shariah Compliant Income (Annualized Return),Al Ameen Islamic Sovereign Fund,AA(f),N/A,"Dec 31, 2025",106.911,9.7395,13.4332,16.206,16.442,12.9855,8.7089,9.6784,11.6029,9.8714,15.7418,18.6873
Open-End Funds,Shariah Compliant Income (Annualized Return),AL Habib Islamic Income Fund,AA(f),N/A,"Dec 31, 2025",106.8842,9.86,11.4775,8.7965,13.1887,11.3247,9.6259,9.8966,10.9127,10.1109,15.6452,19.3461
Open-End Funds,Shariah Compliant Income (Annualized Return),AL Habib Islamic Savings Fund,AA(f),N/A,"Jan 02, 2026",105.4347,9.9024,6.5883,7.1175,9.6579,10.383,9.7009,9.9343,11.0545,10.2574,15.6051,19.4051
Open-End Funds,Shariah Compliant Income (Annualized Return),Alfalah GHP Islamic Income Fund,AA-(f),N/A,"Dec 31, 2025",108.2932,9.3301,8.9578,10.0375,8.9595,8.9608,8.6225,9.3105,10.2795,9.1153,15.1752,18.7732
Open-End Funds,Shariah Compliant Income (Annualized Return),Alfalah Islamic Sovereign Fund (Alfalah Islamic Sovereign Plan I),AA+(f),N/A,"Dec 31, 2025",100.2671,9.7401,12.8515,12.848,14.5051,12.8833,10.1766,9.6887,10.3833,8.7075,14.8496,N/A
Open-End Funds,Shariah Compliant Income (Annualized Return),Alfalah Islamic Sovereign Fund (Alfalah Islamic Sovereign Plan II),AA+(f),N/A,"Dec 31, 2025",115.0373,9.072,11.8908,1.022,13.6924,11.7518,8.7178,9.0005,10.8528,8.2216,14.3674,N/A
Open-End Funds,Shariah Compliant Income (Annualized Return),Alfalah Islamic Sovereign Fund (Alfalah Islamic Sovereign Plan III),AA+(f),N/A,"Dec 31, 2025",105.4733,10.5662,12.377,10.1835,13.9819,12.4027,10.7407,10.5617,11.4338,8.6547,N/A,N/A
Open-End Funds,Shariah Compliant Income (Annualized Return),Alhamra Daily Dividend Fund,AA-(f),N/A,"Jan 01, 2026",100,9.3305,8.6505,8.6505,8.5872,8.8087,9.0046,9.2941,9.9426,9.8754,15.2913,18.288
Open-End Funds,Shariah Compliant Income (Annualized Return),Alhamra Government Securities Plan I,AA(f),N/A,"Dec 31, 2025",105.0653,9.6247,10.2247,11.7895,11.3904,10.3526,8.7495,9.4237,10.8277,7.9366,N/A,N/A
Open-End Funds,Shariah Compliant Income (Annualized Return),Alhamra Islamic Income Fund,AA(f),N/A,"Dec 31, 2025",109.4403,9.7957,11.6659,9.49,14.3226,11.6435,9.6956,9.765,11.2281,10.5477,16.1118,19.3005
Open-End Funds,Shariah Compliant Income (Annualized Return),Atlas Islamic Income Fund,AA-(f),N/A,"Dec 31, 2025",540.3629,9.9232,10.0457,6.8255,10.001,10.0095,9.5845,9.8931,10.6844,10.6555,16.1276,19.3734
Open-End Funds,Shariah Compliant Income (Annualized Return),AWT Islamic Income Fund,A+(f),N/A,"Dec 31, 2025",110.943,10.0333,9.9786,9.5995,10.1324,9.9548,9.7646,10.0032,10.6439,10.8864,16.866,20.8519
Open-End Funds,Shariah Compliant Income (Annualized Return),Faysal Halal Amdani Fund II,,N/A,"Dec 31, 2025",101.1561,10.4248,9.8397,8.2125,9.5411,9.8258,10.1896,10.2405,N/A,N/A,N/A,N/A
Open-End Funds,Shariah Compliant Income (Annualized Return),Faysal Halal Amdani Fund III,,N/A,"Dec 31, 2025",100.334,9.9541,9.9541,9.49,9.4024,N/A,N/A,N/A,N/A,N/A,N/A,N/A
Open-End Funds,Shariah Compliant Income (Annualized Return),Faysal Islamic Savings Growth Fund,A+(f),N/A,"Dec 31, 2025",109.9058,8.1345,8.9884,12.0085,9.5119,9.7175,7.5863,8.0257,9.6036,9.3199,15.2685,17.7659
Open-End Funds,Shariah Compliant Income (Annualized Return),Faysal Islamic Sovereign Fund (Faysal Islamic Sovereign Plan I),AA(f),N/A,"Dec 31, 2025",104.1149,6.5571,5.1759,(40.8800),6.4459,3.8057,3.9043,6.6635,9.2692,6.6437,13.5705,N/A
Open-End Funds,Shariah Compliant Income (Annualized Return),Faysal Islamic Sovereign Fund (Faysal Islamic Sovereign Plan II),AA(f),N/A,"Dec 31, 2025",103.3387,5.7182,3.9102,(2.4455),6.6041,3.594,4.075,5.6687,8.2854,6.6031,N/A,N/A
Open-End Funds,Shariah Compliant Income (Annualized Return),Faysal Islamic Special Income Plan I,AA(f),N/A,"Jan 02, 2026",10.5875,9.5926,10.512,9.6725,13.3566,12,9.1858,9.5058,11.2807,9.8145,15.0085,21.6695
Open-End Funds,Shariah Compliant Income (Annualized Return),HBL Islamic Income Fund,A+(f),N/A,"Dec 30, 2025",109.2198,9.8901,10.853,12.702,11.6484,11.5766,9.4223,9.8854,10.3333,9.9028,15.0823,19.4395
Open-End Funds,Shariah Compliant Income (Annualized Return),JS Islamic Income Fund,AA-(f),N/A,"Dec 31, 2025",111.6566,9.5227,8.1195,9.928,8.0981,8.0969,10.4252,9.4957,9.6572,9.9655,14.5382,18.1281
Open-End Funds,Shariah Compliant Income (Annualized Return),Lucky Islamic Income Fund,AA(f),N/A,"Jan 01, 2026",105.4288,10.4749,10.0375,10.0375,10.1154,10.5984,10.3636,10.4637,N/A,N/A,N/A,N/A
Open-End Funds,Shariah Compliant Income (Annualized Return),Meezan Daily Income Fund (MDIP I),AA-(f),N/A,"Dec 31, 2025",50,9.2218,9.0473,9.563,9.2004,9.1871,9.078,9.1445,9.6455,9.2432,15.2921,19.0292
Open-End Funds,Shariah Compliant Income (Annualized Return),Meezan Daily Income Fund (Meezan Mahana Munafa Plan),,N/A,"Dec 31, 2025",50,9.2462,10.8782,8.906,13.084,10.9537,9.578,9.2477,9.2292,9.2056,13.6239,16.8568
Open-End Funds,Shariah Compliant Income (Annualized Return),Meezan Daily Income Fund (Meezan Munafa Plan I),,N/A,"Dec 31, 2025",52.8592,9.7705,9.6607,9.5995,9.6725,9.6652,9.636,9.7463,10.1644,8.7849,14.8635,N/A
Open-End Funds,Shariah Compliant Income (Annualized Return),Meezan Daily Income Fund (Meezan Sehl Account Plan) (MSHP),,N/A,"Jan 01, 2026",52.5721,8.2167,N/A,7.8475,7.8743,7.9461,8.0653,8.0981,8.0245,7.8679,12.9526,N/A
Open-End Funds,Shariah Compliant Income (Annualized Return),Meezan Daily Income Fund (Meezan Super Saver Plan) (MSSP),,N/A,"Dec 31, 2025",52.6882,9.144,9.6878,8.6505,10.1202,9.7248,9.2025,9.0575,9.4121,8.4623,N/A,N/A
Open-End Funds,Shariah Compliant Income (Annualized Return),Meezan Islamic Income Fund,A+(f),N/A,"Dec 31, 2025",54.1142,8.9483,9.2957,9.125,8.9328,9.3026,8.8549,8.9028,8.6709,8.2017,14.6195,17.8335
Open-End Funds,Shariah Compliant Income (Annualized Return),Meezan Sovereign Fund,AA(f),N/A,"Dec 31, 2025",54.511,8.4886,10.1329,7.7745,12.41,10.3405,8.6696,8.4179,8.3485,6.7469,13.869,18.1006
Open-End Funds,Shariah Compliant Income (Annualized Return),NBP Islamic Government Securities Plan III,,N/A,"Jan 01, 2026",10.4765,15.8896,3.8325,3.8325,10.568,9.7516,8.1626,8.4477,9.7231,8.3237,N/A,N/A
Open-End Funds,Shariah Compliant Income (Annualized Return),NBP Islamic Income Fund,A+(f),N/A,"Jan 01, 2026",10.5788,8.6434,7.9205,7.9205,9.1883,9.1189,8.7531,8.6375,9.3593,9.0788,14.8354,18.3418
Open-End Funds,Shariah Compliant Income (Annualized Return),NBP Islamic Mahana Amdani Fund,A+(f),N/A,"Jan 01, 2026",10.5973,9.289,8.2855,8.2855,10.2151,9.8489,9.3375,9.2475,9.611,9.6554,15.1767,18.593
Open-End Funds,Shariah Compliant Income (Annualized Return),NBP Islamic Savings Fund,AA-(f),N/A,"Jan 02, 2026",10.0497,9.2528,9.271,9.4535,9.1615,9.1238,9.0642,9.2317,9.6229,9.9739,15.5928,18.1405
Open-End Funds,Shariah Compliant Income (Annualized Return),NBP Riba Free Savings Fund,A+(f),N/A,"Jan 01, 2026",10.8577,9.72,9.0885,9.0885,9.4486,9.4742,9.5971,9.7313,9.9079,10.2436,15.399,18.4175
Open-End Funds,Shariah Compliant Income (Annualized Return),NIT Islamic Income Fund,AA-(f),N/A,"Jan 01, 2026",10.1577,9.7599,9.709,9.709,10.5631,10.669,9.7054,9.7435,10.2241,10.4619,15.6302,19.4171
Open-End Funds,Shariah Compliant Income (Annualized Return),Pak Oman Advantage Islamic Income Fund,A+(f),N/A,"Dec 31, 2025",55.1092,5.9148,6.5724,4.307,6.4897,6.5749,5.6713,5.7978,6.8632,6.4696,12.6166,17.6613
Open-End Funds,Shariah Compliant Income (Annualized Return),Pak Qatar Income Plan,AA-(f),N/A,"Jan 01, 2026",122.7506,10.3151,10.22,10.22,12.5511,11.4428,9.8303,10.2752,11.7838,11.2578,17.447,21.3455
Open-End Funds,Shariah Compliant Income (Annualized Return),Pak Qatar Khalis Bachat Plan,A(f),N/A,"Jan 01, 2026",119.8838,9.345,10.4755,10.4755,11.6581,10.6884,8.9794,9.3264,9.5745,9.1337,15.5257,19.3717
Open-End Funds,Shariah Compliant Income (Annualized Return),Pak Qatar Monthly Income Plan,A+(f),N/A,"Jan 01, 2026",100.3594,9.969,10.3295,10.3295,11.4367,10.5266,9.7934,9.9432,10.5719,10.5067,16.8718,20.5314
Open-End Funds,Shariah Compliant Income (Annualized Return),786 Smart Fund,AA-(f),N/A,"Jan 01, 2026",88.021,9.2854,8.76,8.76,9.1664,9.2357,9.1404,9.2935,9.4186,10.1267,16.2444,20.1068
Open-End Funds,Shariah Compliant Equity (Absolute Return),ABL Islamic Stock Fund,,N/A,"Jan 01, 2026",34.3425,28.3084,0.8197,0.8197,2.7954,3.5501,(0.4499),24.7652,28.1822,26.9526,123.5387,248.9666
Open-End Funds,Shariah Compliant Equity (Absolute Return),AKD Islamic Stock Fund,,N/A,"Jan 01, 2026",112.4235,25.963,1.3841,1.3841,4.2223,6.5791,(2.0635),23.8571,36.0666,30.7535,116.5501,246.926
Open-End Funds,Shariah Compliant Equity (Absolute Return),Al Ameen Islamic Energy Fund,,N/A,"Dec 31, 2025",347.1319,28.3938,4.2398,(0.0922),1.8601,2.4535,0.6367,26.2572,27.1391,20.7112,136.2606,298.3914
Open-End Funds,Shariah Compliant Equity (Absolute Return),Al Ameen Shariah Stock Fund,,N/A,"Dec 31, 2025",513.67,31.3163,3.3354,(0.5960),0.5028,2.2392,0.8679,29.2349,40.7373,42.9771,150.4406,297.6295
Open-End Funds,Shariah Compliant Equity (Absolute Return),AL Habib Islamic Stock Fund,,N/A,"Dec 31, 2025",184.4987,26.2584,2.9128,(0.5812),0.6388,1.8901,(2.8410),22.5109,29.8785,36.3606,183.4075,348.5643
Open-End Funds,Shariah Compliant Equity (Absolute Return),Al Meezan Mutual Fund,,N/A,"Jan 01, 2026",51.8653,30.0475,0.9037,0.9037,2.2119,2.6351,0.1638,27.1716,37.108,37.7962,139.6736,272.3566
Open-End Funds,Shariah Compliant Equity (Absolute Return),Alfalah GHP Islamic Stock Fund,,N/A,"Jan 01, 2026",75.3135,29.7484,0.9489,0.9489,2.8341,4.3411,1.4683,26.3885,31.8193,27.6582,133.842,286.4923
Open-End Funds,Shariah Compliant Equity (Absolute Return),Alhamra Islamic Stock Fund,,N/A,"Jan 01, 2026",30.84,28.393,1.1479,1.1479,3.006,4.8623,1.7486,25.3659,38.8918,41.0057,146.6882,304.5351
Open-End Funds,Shariah Compliant Equity (Absolute Return),Alhamra Opportunity Fund (Dividend Strategy Plan),,N/A,"Jan 01, 2026",213.4913,35.8259,1.035,1.035,3.4798,5.5067,7.2663,32.209,45.3689,50.3965,N/A,N/A
Open-End Funds,Shariah Compliant Equity (Absolute Return),Atlas Islamic Stock Fund,,N/A,"Dec 31, 2025","1,645.0802",29.4921,3.611,(0.5521),0.88,2.6243,(1.0610),26.2638,33.9214,36.5402,140.6081,286.099
Open-End Funds,Shariah Compliant Equity (Absolute Return),AWT Islamic Stock Fund,,N/A,"Jan 01, 2026",196.6708,30.8507,0.9433,0.9433,3.1945,5.0894,1.1563,27.2954,34.5877,33.6711,130.8787,252.2906
Open-End Funds,Shariah Compliant Equity (Absolute Return),Faysal Islamic Stock Fund,,N/A,"Jan 01, 2026",127.0134,32.5579,1.0089,1.0089,2.7483,4.8793,2.1052,28.8163,31.555,33.8172,126.7183,203.7629
Open-End Funds,Shariah Compliant Equity (Absolute Return),Faysal Islamic Stock Fund II,,N/A,"Jan 01, 2026",132.9485,31.5995,1.3471,1.3471,3.9302,3.0279,2.2663,27.4568,29.3062,N/A,N/A,N/A
Open-End Funds,Shariah Compliant Equity (Absolute Return),HBL Islamic Equity Fund,,N/A,"Dec 30, 2025",210.3858,32.4125,5.8639,0.7807,0.6607,5.8639,4.0124,28.8881,28.8758,22.4784,134.0069,224.5046
Open-End Funds,Shariah Compliant Equity (Absolute Return),HBL Islamic Stock Fund,,N/A,"Dec 29, 2025",264.4301,27.3792,4.8485,N/A,0.0889,4.8485,2.9609,26.3097,25.5625,30.8913,126.4586,231.474
Open-End Funds,Shariah Compliant Equity (Absolute Return),JS Islamic Fund,,N/A,"Jan 01, 2026",284.69,30.7897,1.3384,1.3384,4.0382,5.6599,0.7931,28.6502,32.8133,32.6347,131.9547,241.4519
Open-End Funds,Shariah Compliant Equity (Absolute Return),Lucky Islamic Energy Fund,,N/A,"Dec 31, 2025",100,N/A,N/A,N/A,N/A,N/A,N/A,N/A,N/A,N/A,N/A,N/A
Open-End Funds,Shariah Compliant Equity (Absolute Return),Lucky Islamic Stock Fund,,N/A,"Jan 01, 2026",140.61,30.9706,0.7885,0.7885,2.478,3.8249,1.6703,27.8157,N/A,N/A,N/A,N/A
Open-End Funds,Shariah Compliant Equity (Absolute Return),Meezan Energy Fund,,N/A,"Jan 01, 2026",63.6414,28.5986,0.7231,0.7231,2.6474,2.9934,(1.7021),25.3781,23.035,17.203,113.8717,249.6147
Open-End Funds,Shariah Compliant Equity (Absolute Return),Meezan Islamic Fund,,N/A,"Dec 31, 2025",168.1631,30.3531,3.302,(0.5968),0.7372,2.098,(0.0830),26.9916,36.0982,36.7701,131.5424,256.7546
Open-End Funds,Shariah Compliant Equity (Absolute Return),NBP Islamic Energy Fund,,N/A,"Jan 01, 2026",22.7683,28.0975,0.9502,0.9502,4.0409,5.5197,1.8092,25.1507,23.397,18.2867,131.9247,284.1985
Open-End Funds,Shariah Compliant Equity (Absolute Return),NBP Islamic Stock Fund,,N/A,"Jan 01, 2026",26.2347,37.066,1.0983,1.0983,3.1315,6.2702,5.5378,33.6432,40.2906,38.8538,155.3971,288.3065
Open-End Funds,Shariah Compliant Equity (Absolute Return),NIT Islamic Equity Fund,,N/A,"Jan 01, 2026",20.1,27.8626,0.7014,0.7014,3.1298,3.7687,0.4498,24.2274,29.7461,26.7598,114.6586,224.7438
Open-End Funds,Shariah Compliant Equity (Absolute Return),Pak Qatar Islamic Stock Fund,,N/A,"Jan 01, 2026",276.6188,25.545,0.9048,0.9048,2.587,4.0664,1.2058,22.5491,29.3838,24.5971,82.5618,177.7728
Open-End Funds,Shariah Compliant Capital Protected (Absolute Return),JS Islamic Sarmaya Mehfooz Fund (JS Islamic Sarmaya Mehfooz Plan 1),,N/A,"Jan 01, 2026",102.2813,9.3899,0.3117,0.3117,1.2946,2.664,3.4542,N/A,N/A,N/A,N/A,N/A
Open-End Funds,Shariah Compliant Capital Protected (Absolute Return),JS Islamic Sarmaya Mehfooz Fund Plan 2 2020,,N/A,"Jan 01, 2026",99.6526,(0.3474),0.0334,0.0334,(0.0442),N/A,N/A,N/A,N/A,N/A,N/A,N/A
Open-End Funds,Shariah Compliant Capital Protected (Absolute Return),NBP Islamic Principal Protection Fund I (NBP Islamic Principal Protection Plan I),,N/A,"Jan 01, 2026",10.3317,3.6445,0.2922,0.2922,0.9843,1.9448,2.9259,N/A,N/A,N/A,N/A,N/A
Open-End Funds,Shariah Compliant Capital Protected (Absolute Return),NBP Islamic Principal Protection Fund II (NBP Islamic Principal Protection Fund I),,N/A,"Jan 01, 2026",10.0705,0.705,0.198,0.198,0.705,N/A,N/A,N/A,N/A,N/A,N/A,N/A
Open-End Funds,Shariah Compliant Fixed Rate / Return (Annualized Return),ABL Islamic Fixed Term Plan I,,N/A,"Dec 17, 2025",10.2618,10.6174,9.2238,6.7525,9.0204,9.8964,10.6174,N/A,N/A,N/A,N/A,N/A
Open-End Funds,Shariah Compliant Fixed Rate / Return (Annualized Return),ABL Islamic Fixed Term Plan III,,N/A,"Dec 17, 2025",10.0879,10.6945,10.5227,9.782,10.4901,10.6945,N/A,N/A,N/A,N/A,N/A,N/A
Open-End Funds,Shariah Compliant Fixed Rate / Return (Annualized Return),ABL Islamic Fixed Term Plan IV,,N/A,"Jan 01, 2026",10.0288,10.512,10.5485,10.5485,N/A,N/A,N/A,N/A,N/A,N/A,N/A,N/A
Open-End Funds,Shariah Compliant Fixed Rate / Return (Annualized Return),Al Ameen Islamic Fixed Term Plan I (M),,N/A,"Dec 31, 2025",100.0107,8.8074,6.3698,7.811,4.1075,6.25,7.9607,8.7219,8.9291,9.3176,N/A,N/A
Open-End Funds,Shariah Compliant Fixed Rate / Return (Annualized Return),AL Habib Islamic Munafa Fund Plan V,,N/A,"Dec 31, 2025",100.6416,10.6447,10.6447,10.658,10.6239,N/A,N/A,N/A,N/A,N/A,N/A,N/A
Open-End Funds,Shariah Compliant Fixed Rate / Return (Annualized Return),Alfalah Islamic Stable Return Fund Plan  X,,N/A,"Dec 29, 2025",100.5201,10.5465,10.5465,10.5485,10.6069,N/A,N/A,N/A,N/A,N/A,N/A,N/A
Open-End Funds,Shariah Compliant Fixed Rate / Return (Annualized Return),Alfalah Islamic Stable Return Fund Plan IX,,N/A,"Dec 29, 2025",100.5583,10.7252,10.7252,10.6215,10.9549,N/A,N/A,N/A,N/A,N/A,N/A,N/A
Open-End Funds,Shariah Compliant Fixed Rate / Return (Annualized Return),Alfalah Islamic Stable Return Fund Plan VI,,N/A,"Dec 30, 2025",102.642,10.597,10.1555,10.366,9.8234,10.1555,10.5351,N/A,N/A,N/A,N/A,N/A
Open-End Funds,Shariah Compliant Fixed Rate / Return (Annualized Return),Alfalah Islamic Stable Return Fund Plan VII,,N/A,"Dec 30, 2025",102.412,10.4807,10.5181,10.4025,10.4731,10.5181,N/A,N/A,N/A,N/A,N/A,N/A
Open-End Funds,Shariah Compliant Fixed Rate / Return (Annualized Return),Alfalah Islamic Stable Return Fund Plan VIII,,N/A,"Dec 30, 2025",102.4161,10.4985,10.8892,10.9865,11.0936,10.8892,N/A,N/A,N/A,N/A,N/A,N/A
Open-End Funds,Shariah Compliant Fixed Rate / Return (Annualized Return),Alhamra Wada Fund (Alhamra Wada Plan XIV),,N/A,"Dec 31, 2025",101.9438,10.2824,9.6101,9.5265,9.5192,9.5788,N/A,N/A,N/A,N/A,N/A,N/A
Open-End Funds,Shariah Compliant Fixed Rate / Return (Annualized Return),Alhamra Wada Fund (Alhamra Wada Plan XV),,N/A,"Dec 31, 2025",100.6019,10.9847,10.9847,10.4755,10.4341,N/A,N/A,N/A,N/A,N/A,N/A,N/A
Open-End Funds,Shariah Compliant Fixed Rate / Return (Annualized Return),Faysal Islamic Mustakil Munafa Fund (Faysal Islamic Mehdood Muddat Plan I),,N/A,"Dec 31, 2025",121.8015,9.8108,10.8217,10.147,10.9111,10.8381,9.8615,9.6958,11.4861,10.1875,N/A,N/A
Open-End Funds,Shariah Compliant Fixed Rate / Return (Annualized Return),Faysal Islamic Mustakil Munafa Fund (Faysal Islamic Mehdood Muddat Plan VI),,N/A,"Dec 31, 2025",105.7722,11.1974,10.8723,10.7675,10.8259,10.8721,10.9922,11.1887,N/A,N/A,N/A,N/A
Open-End Funds,Shariah Compliant Fixed Rate / Return (Annualized Return),Faysal Islamic Mustakil Munafa Fund (Faysal Islamic Mehdood Muddat Plan XII),,N/A,"Dec 31, 2025",102.1758,10.5889,10.5438,10.4755,10.4974,10.5424,N/A,N/A,N/A,N/A,N/A,N/A
Open-End Funds,Shariah Compliant Fixed Rate / Return (Annualized Return),Faysal Islamic Mustakil Munafa Fund (Faysal Islamic Mehdood Muddat Plan XIII),,N/A,"Dec 31, 2025",101.0063,10.4943,10.4814,10.366,10.4268,10.4767,N/A,N/A,N/A,N/A,N/A,N/A
Open-End Funds,Shariah Compliant Fixed Rate / Return (Annualized Return),Faysal Islamic Mustakil Munafa Fund (Faysal Islamic Mehdood Muddat Plan XIV),,N/A,"Dec 31, 2025",101.0426,10.8728,10.8676,10.7675,10.8162,10.8661,N/A,N/A,N/A,N/A,N/A,N/A
Open-End Funds,Shariah Compliant Fixed Rate / Return (Annualized Return),Faysal Islamic Mustakil Munafa Fund (Faysal Islamic Mehdood Muddat Plan XV),,N/A,"Dec 31, 2025",100.5759,10.5102,10.5102,10.439,10.495,N/A,N/A,N/A,N/A,N/A,N/A,N/A
Open-End Funds,Shariah Compliant Fixed Rate / Return (Annualized Return),HBL Islamic Fixed Term Fund Plan V,,N/A,"Nov 20, 2025",100.6076,10.5607,10.262,10.293,10.3587,N/A,N/A,N/A,N/A,N/A,N/A,N/A
Open-End Funds,Shariah Compliant Fixed Rate / Return (Annualized Return),HBL Islamic Fixed Term Fund Plan VI,,N/A,"Nov 12, 2025",100,N/A,N/A,N/A,N/A,N/A,N/A,N/A,N/A,N/A,N/A,N/A
Open-End Funds,Shariah Compliant Fixed Rate / Return (Annualized Return),Lucky Islamic Fixed Term Fund Plan IV,,N/A,"Dec 23, 2025",102.6572,10.5422,10.4469,8.833,10.4609,10.4524,10.5388,N/A,N/A,N/A,N/A,N/A
Open-End Funds,Shariah Compliant Fixed Rate / Return (Annualized Return),Lucky Islamic Fixed Term Fund Plan IX,,N/A,"Jan 01, 2026",100.2282,10.4116,10.4025,10.4025,N/A,N/A,N/A,N/A,N/A,N/A,N/A,N/A
Open-End Funds,Shariah Compliant Fixed Rate / Return (Annualized Return),Lucky Islamic Fixed Term Fund Plan V,,N/A,"Jan 01, 2026",101.4301,10.6528,10.4755,10.4755,10.4852,10.4986,N/A,N/A,N/A,N/A,N/A,N/A
Open-End Funds,Shariah Compliant Fixed Rate / Return (Annualized Return),Lucky Islamic Fixed Term Fund Plan VI,,N/A,"Dec 22, 2025",101.0903,10.2041,10.4257,10.4025,10.3903,10.4524,N/A,N/A,N/A,N/A,N/A,N/A
Open-End Funds,Shariah Compliant Fixed Rate / Return (Annualized Return),Lucky Islamic Fixed Term Fund Plan VII,,N/A,"Jan 01, 2026",100.6224,10.8179,10.512,10.512,10.5363,N/A,N/A,N/A,N/A,N/A,N/A,N/A
Open-End Funds,Shariah Compliant Fixed Rate / Return (Annualized Return),Lucky Islamic Fixed Term Fund Plan VIII,,N/A,"Jan 01, 2026",100.4002,10.4338,10.439,10.439,9.7382,N/A,N/A,N/A,N/A,N/A,N/A,N/A
Open-End Funds,Shariah Compliant Fixed Rate / Return (Annualized Return),Lucky Islamic Fixed Term Fund Plan X,,N/A,"Jan 01, 2026",100.0855,3.9009,10.4025,10.4025,N/A,N/A,N/A,N/A,N/A,N/A,N/A,N/A
Open-End Funds,Shariah Compliant Fixed Rate / Return (Annualized Return),Lucky Islamic Fixed Term Fund Plan XI,,N/A,"Jan 01, 2026",100.2563,10.3944,10.3295,10.3295,N/A,N/A,N/A,N/A,N/A,N/A,N/A,N/A
Open-End Funds,Shariah Compliant Fixed Rate / Return (Annualized Return),Meezan Paidaar Munafa Plan XXVII,,N/A,"Dec 23, 2025",51.2676,10.3972,10.2025,10.1105,10.1762,10.2212,10.2816,N/A,N/A,N/A,N/A,N/A
Open-End Funds,Shariah Compliant Fixed Rate / Return (Annualized Return),Meezan Paidaar Munafa Plan XXX,,N/A,"Dec 29, 2025",50.662,10.5057,10.4579,10.366,10.4195,10.4609,N/A,N/A,N/A,N/A,N/A,N/A
Open-End Funds,Shariah Compliant Fixed Rate / Return (Annualized Return),Meezan Paidaar Munafa Plan XXXI,,N/A,"Dec 29, 2025",50.561,10.5008,10.4717,10.4025,10.4341,10.4755,N/A,N/A,N/A,N/A,N/A,N/A
Open-End Funds,Shariah Compliant Fixed Rate / Return (Annualized Return),Meezan Paidaar Munafa Plan XXXII,,N/A,"Dec 30, 2025",50.2733,10.5005,10.5005,10.4755,10.4901,N/A,N/A,N/A,N/A,N/A,N/A,N/A
Open-End Funds,Shariah Compliant Fixed Rate / Return (Annualized Return),NBP Islamic Fixed Term Munafa Plan IA (NBP Islamic Mustahkam Fund),,N/A,"Jan 01, 2026",10.0262,10.6256,N/A,N/A,N/A,N/A,N/A,N/A,N/A,N/A,N/A,N/A
Open-End Funds,Shariah Compliant Fixed Rate / Return (Annualized Return),NBP Islamic Fixed Term Munafa Plan IX (NBP Islamic Mustahkam Fund),,N/A,"Jan 01, 2026",10.1082,10.3929,N/A,N/A,21.7856,10.8928,N/A,N/A,N/A,N/A,N/A,N/A
Open-End Funds,Shariah Compliant Fixed Rate / Return (Annualized Return),NBP Islamic Fixed Term Munafa Plan VIII (NBP Islamic Mustahkam Fund),,N/A,"Jan 01, 2026",10.1627,10.6046,N/A,N/A,21.9365,10.9683,N/A,N/A,N/A,N/A,N/A,N/A
Open-End Funds,Shariah Compliant Fixed Rate / Return (Annualized Return),NBP Islamic Fixed Term Munafa Plan X (NBP Islamic Mustahkam Fund),,N/A,"Jan 01, 2026",10.06,9.9545,N/A,N/A,14.6,N/A,N/A,N/A,N/A,N/A,N/A,N/A
Open-End Funds,Shariah Compliant Fund of Funds - CPPI (Absolute Return),ABL Islamic Financial Planning Fund (Capital Preservation Plan I),,N/A,"Dec 31, 2025",112.2123,11.592,1.5957,(0.1857),0.564,1.2356,1.1835,9.9089,14.3417,17.221,54.2674,88.7425
Open-End Funds,Shariah Compliant Aggressive Fixed Income (Annualized Return),Al Ameen Islamic Aggressive Income Fund,A+(f),N/A,"Dec 30, 2025",105.9584,9.7976,10.2456,12.848,12.2275,10.2456,8.7515,9.4734,10.7015,9.972,22.7836,25.6032
Open-End Funds,Shariah Compliant Aggressive Fixed Income (Annualized Return),Al Ameen Islamic Aggressive Income Plan I,A+(f),N/A,"Dec 31, 2025",117.8049,35.3195,5.6092,5.986,5.5577,5.6028,10.1064,35.7649,82.1889,65.2408,50.2202,44.4728
Open-End Funds,Shariah Compliant Aggressive Fixed Income (Annualized Return),Faysal Islamic Financial Growth Fund (Faysal Islamic Financial Growth Plan I),A+(f),N/A,"Dec 31, 2025",104.755,8.4751,8.2443,7.4095,9.2004,8.861,8.4891,8.4459,9.2679,8.6581,15.0066,N/A
Open-End Funds,Shariah Compliant Aggressive Fixed Income (Annualized Return),Faysal Islamic Financial Growth Fund (Faysal Islamic Financial Growth Plan II),,N/A,"Dec 31, 2025",104.8942,9.462,8.6576,8.0665,8.451,8.6323,8.9457,9.4186,9.6793,10.4811,N/A,N/A
Open-End Funds,Shariah Compliant Aggressive Fixed Income (Annualized Return),Faysal Islamic Financial Growth Fund II,,N/A,"Dec 31, 2025",100.6356,11.0473,11.0473,10.4755,10.5315,N/A,N/A,N/A,N/A,N/A,N/A,N/A
Open-End Funds,Shariah Compliant Balanced (Absolute Return),Meezan Balanced Fund,,N/A,"Jan 01, 2026",28.2024,18.4587,0.5068,0.5068,1.5527,2.3484,1.0321,16.697,23.5886,24.2842,76.8389,136.6002
Open-End Funds,Shariah Compliant Asset Allocation (Absolute Return),ABL Islamic Asset Allocation Fund,,N/A,"Jan 01, 2026",10.1271,1.7002,(0.0010),(0.0010),(0.0039),0.0158,0.607,1.6838,2.5186,(2.1615),18.4437,41.802
Open-End Funds,Shariah Compliant Asset Allocation (Absolute Return),Al Ameen Islamic Asset Allocation Fund,,N/A,"Dec 31, 2025",220.9608,14.5625,1.6806,(0.1832),0.3972,1.282,1.7252,13.7093,20.2404,22.0004,68.9528,125.8846
Open-End Funds,Shariah Compliant Asset Allocation (Absolute Return),Alfalah GHP Islamic Value Fund,,N/A,"Dec 30, 2025",135.3447,4.9994,0.7376,0.0219,0.4192,0.7376,2.3089,4.9009,8.4959,10.6929,35.2653,65.657
Open-End Funds,Shariah Compliant Asset Allocation (Absolute Return),Alhamra Islamic Asset Allocation Fund,,N/A,"Dec 31, 2025",219.7798,25.8774,3.2753,(0.4090),0.6394,2.6698,0.8612,22.2379,37.5287,44.2125,135.4481,276.2045
Open-End Funds,Shariah Compliant Asset Allocation (Absolute Return),AWT Islamic Asset Allocation Fund (Formerly AWT Stock Fund),,N/A,"Dec 31, 2025",186.5269,3.6606,4.4042,(0.4624),1.1981,3.3988,0.3026,N/A,N/A,N/A,N/A,N/A
Open-End Funds,Shariah Compliant Asset Allocation (Absolute Return),Faysal Islamic Asset Allocation Fund,,N/A,"Jan 01, 2026",94.8413,5.4566,0.0297,0.0297,0.4412,0.9867,2.5284,5.2923,9.0864,12.5403,38.8865,66.6414
Open-End Funds,Shariah Compliant Asset Allocation (Absolute Return),Faysal Islamic Asset Allocation Fund II,,N/A,"Jan 01, 2026",121.9987,20.5866,0.1699,0.1699,1.097,1.59,0.4376,17.8726,16.8171,20.4951,N/A,N/A
Open-End Funds,Shariah Compliant Asset Allocation (Absolute Return),Faysal Islamic Asset Allocation Fund III (Faysal Shariah Flex Plan I),,N/A,"Jan 01, 2026",103.3615,3.6021,0.127,0.127,0.5112,1.5184,3.173,N/A,N/A,N/A,N/A,N/A
Open-End Funds,Shariah Compliant Asset Allocation (Absolute Return),Faysal Islamic Asset Allocation Fund III (Faysal Shariah Flex Plan II),,N/A,"Jan 01, 2026",101.2411,1.2411,0.3811,0.3811,0.7037,1.0444,N/A,N/A,N/A,N/A,N/A,N/A
Open-End Funds,Shariah Compliant Asset Allocation (Absolute Return),HBL Islamic Asset Allocation Fund,,N/A,"Dec 30, 2025",321.91,27.1089,5.9644,0.4356,(0.2321),5.9644,5.7165,25.4432,26.411,25.3007,123.4714,236.3064
Open-End Funds,Shariah Compliant Asset Allocation (Absolute Return),Lakson Islamic Tactical Fund,,N/A,"Dec 31, 2025",95.6728,11.1955,1.8262,(0.2042),0.5222,1.5769,1.3281,10.8,13.5476,16.1073,49.9744,97.5908
Open-End Funds,Shariah Compliant Asset Allocation (Absolute Return),Meezan Asset Allocation Fund,,N/A,"Jan 01, 2026",120.615,26.9343,0.7528,0.7528,1.7689,3.2618,0.8671,24.3784,34.7243,36.0552,119.4091,220.3291
Open-End Funds,Shariah Compliant Asset Allocation (Absolute Return),Meezan Dynamic Asset Allocation Fund (Meezan Dividend Yield Plan),,N/A,"Dec 30, 2025",89.0219,31.2686,3.1801,0.476,0.7874,3.1801,3.136,27.0297,40.2977,41.8438,N/A,N/A
Open-End Funds,Shariah Compliant Asset Allocation (Absolute Return),NBP Islamic Sarmaya Izafa Fund,,N/A,"Jan 01, 2026",37.4208,34.451,1.021,1.021,3.4147,6.1074,5.7094,31.6804,37.2658,32.7572,128.4436,238.0995
Open-End Funds,Shariah Compliant Asset Allocation (Absolute Return),Pak Oman Islamic Asset Allocation Fund,,N/A,"Jan 01, 2026",49.0784,23.5746,0.6394,0.6394,2.6644,7.7048,2.4826,19.794,21.4332,20.2931,72.4667,119.1884
Open-End Funds,Shariah Compliant Asset Allocation (Absolute Return),Pak Qatar Asset Allocation Plan I (PQAAP  IA),,N/A,"Jan 01, 2026",125.46,5.6229,0.0295,0.0295,0.6381,1.0959,2.5031,5.4152,9.2119,12.4941,37.0389,N/A
Open-End Funds,Shariah Compliant Asset Allocation (Absolute Return),Pak Qatar Asset Allocation Plan II (PQAAP  IIA),,N/A,"Jan 01, 2026",122.8977,5.4093,0.0292,0.0292,0.5789,1.0617,2.3719,5.2274,9.1329,11.4252,35.4091,N/A
Open-End Funds,Shariah Compliant Asset Allocation (Absolute Return),Pak-Qatar Asset Allocation Plan III (PQAAP  IIIA),,N/A,"Jan 01, 2026",176.2892,22.8117,0.8882,0.8882,3.342,3.626,(0.1436),20.4883,21.6216,20.5847,N/A,N/A
Open-End Funds,Shariah Compliant Fund of Funds (Absolute Return),ABL Islamic Financial Planning Fund (Active Allocation Plan),,N/A,"Dec 31, 2025",105.1245,24.3169,3.1226,(0.6129),0.9706,2.1841,(0.7359),20.3944,26.3788,29.2055,104.3174,178.872
Open-End Funds,Shariah Compliant Fund of Funds (Absolute Return),ABL Islamic Financial Planning Fund (Conservative Allocation Plan),,N/A,"Dec 31, 2025",121.2347,4.6916,0.8202,(0.0002),0.3584,0.7434,2.2984,4.6003,7.2329,9.9089,30.9282,55.5705
Open-End Funds,Shariah Compliant Fund of Funds (Absolute Return),Alfalah GHP Islamic Prosperity Planning Fund (Alfalah GHP Islamic Active Allocation Plan II),,N/A,"Dec 31, 2025",103.0659,13.3568,1.78,(0.3914),0.0662,1.2319,1.0106,12.4397,14.6123,18.2243,114.0056,176.0192
Open-End Funds,Shariah Compliant Fund of Funds (Absolute Return),Alfalah GHP Islamic Prosperity Planning Fund (Alfalah GHP Islamic Balance Allocation Plan),,N/A,"Dec 31, 2025",109.0166,7.6207,0.7876,(0.0754),0.3579,0.6996,1.0076,6.8758,10.0259,11.8295,43.7191,78.6438
Open-End Funds,Shariah Compliant Fund of Funds (Absolute Return),Alfalah GHP Islamic Prosperity Planning Fund (Alfalah GHP Islamic Moderate Allocation Plan),,N/A,"Dec 31, 2025",116.8592,11.9254,1.0953,(0.0912),0.2089,0.807,1.0598,10.4526,14.3587,16.5394,64.7197,110.6014
Open-End Funds,Shariah Compliant Fund of Funds (Absolute Return),Alfalah KTrade Islamic Plan VII,,N/A,"Dec 31, 2025",128.9641,3.1582,0.7183,0.0565,0.3445,0.6584,1.9772,3.151,5.401,7.6102,20.1044,N/A
Open-End Funds,Shariah Compliant Fund of Funds (Absolute Return),Alhamra Smart Portfolio,,N/A,"Dec 31, 2025",168.0451,9.6449,1.7715,(0.0713),0.6468,1.5325,1.6907,8.9037,14.2586,16.6574,52.5297,93.4321
Open-End Funds,Shariah Compliant Fund of Funds (Absolute Return),Atlas Islamic Fund of Funds (Atlas Aggressive Allocation Islamic Plan),,N/A,"Dec 31, 2025","1,465.8855",25.9142,2.967,(0.4395),0.7921,2.2059,0.2937,23.3909,29.887,32.1489,116.9094,209.0948
Open-End Funds,Shariah Compliant Fund of Funds (Absolute Return),Atlas Islamic Fund of Funds (Atlas Conservative Allocation Islamic Plan),,N/A,"Dec 31, 2025",930.3148,14.8834,1.9637,(0.2230),0.5898,1.5298,0.7333,13.765,18.0233,20.5134,66.6931,115.9108
Open-End Funds,Shariah Compliant Fund of Funds (Absolute Return),Atlas Islamic Fund of Funds (Atlas Moderate Allocation Islamic Plan),,N/A,"Dec 31, 2025","1,233.4330",21.4059,2.6171,(0.3642),0.7238,1.9685,(0.1370),19.4034,25.1957,27.6718,95.4832,167.68
Open-End Funds,Shariah Compliant Fund of Funds (Absolute Return),Faysal Islamic Financial Planning Fund II (Faysal Priority Ascend Plan I),,N/A,"Dec 31, 2025",112.1208,12.1208,1.9578,(0.1652),0.5009,1.5985,2.8894,N/A,N/A,N/A,N/A,N/A
Open-End Funds,Shariah Compliant Fund of Funds (Absolute Return),Faysal Islamic Financial Planning Fund II (Faysal Priority Ascend Plan II),,N/A,"Dec 31, 2025",103.6888,3.6888,1.0511,(0.0362),0.3794,0.9525,2.2786,N/A,N/A,N/A,N/A,N/A
Open-End Funds,Shariah Compliant Fund of Funds (Absolute Return),Faysal Islamic Financial Planning Fund II (Faysal Priority Ascend Plan III),,N/A,"Dec 31, 2025",105.335,5.2343,0.7812,0.0216,0.3674,0.7547,2.4554,5.1017,N/A,N/A,N/A,N/A
Open-End Funds,Shariah Compliant Fund of Funds (Absolute Return),Faysal Khushal Mustaqbil Fund (Faysal Barak’ah Women Savers Plan),,N/A,"Dec 31, 2025",104.6414,4.5551,0.7403,0.0234,0.3521,0.7169,2.1823,4.4509,6.7277,N/A,N/A,N/A
Open-End Funds,Shariah Compliant Fund of Funds (Absolute Return),Faysal Khushal Mustaqbil Fund (Faysal Nu’umah Women Savers Plan),,N/A,"Dec 31, 2025",104.6267,4.541,0.7499,0.0238,0.3578,0.7267,2.1902,4.4375,6.5998,N/A,N/A,N/A
Open-End Funds,Shariah Compliant Fund of Funds (Absolute Return),Meezan Financial Planning Fund of Funds (Aggressive),,N/A,"Dec 31, 2025",185.0654,23.5138,2.3992,(0.4480),0.5238,1.5765,0.9664,21.1642,28.4375,29.5951,101.9537,186.5233
Open-End Funds,Shariah Compliant Fund of Funds (Absolute Return),Meezan Financial Planning Fund of Funds (Conservative),,N/A,"Dec 31, 2025",121.4798,10.3684,1.265,(0.1434),0.4289,0.9903,1.6138,9.5683,13.4795,14.6264,49.5944,90.8216
Open-End Funds,Shariah Compliant Fund of Funds (Absolute Return),Meezan Financial Planning Fund of Funds (MAAP I),,N/A,"Dec 31, 2025",146.5347,21.6409,2.6653,(0.5237),0.5388,1.7069,0.0343,19.6136,27.8731,30.8807,98.1182,174.1942
Open-End Funds,Shariah Compliant Fund of Funds (Absolute Return),Meezan Financial Planning Fund of Funds (Moderate),,N/A,"Dec 31, 2025",146.2312,16.9497,1.9598,(0.2986),0.4933,1.3519,1.2245,15.4094,21.0055,22.0331,76.0946,139.9907
Open-End Funds,Shariah Compliant Fund of Funds (Absolute Return),Meezan Financial Planning Fund of Funds (Very Conservative Allocation Plan),,N/A,"Dec 31, 2025",53.1667,4.5309,0.794,0.0271,0.3812,0.7201,2.2028,4.4832,6.5989,7.863,26.8972,N/A
Open-End Funds,Shariah Compliant Fund of Funds (Absolute Return),Meezan Strategic Allocation Fund (MSAP I),,N/A,"Dec 31, 2025",96.9831,20.494,2.4997,(0.4815),0.5178,1.617,0.1646,18.5094,26.4515,27.8033,100.0169,175.535
Open-End Funds,Shariah Compliant Fund of Funds (Absolute Return),Meezan Strategic Allocation Fund (MSAP II),,N/A,"Dec 31, 2025",83.1527,21.7457,2.6316,(0.5272),0.5221,1.6736,(0.1946),19.6707,27.5658,33.2136,104.2323,179.9735
Open-End Funds,Shariah Compliant Fund of Funds (Absolute Return),Meezan Strategic Allocation Fund (MSAP III),,N/A,"Dec 31, 2025",92.214,21.2835,2.6138,(0.5092),0.534,1.6804,0.1277,19.2887,27.2875,29.6805,97.528,171.9717
Open-End Funds,Shariah Compliant Fund of Funds (Absolute Return),Meezan Strategic Allocation Fund (MSAP IV),,N/A,"Dec 31, 2025",96.7353,21.0208,2.6047,(0.5121),0.5271,1.6686,0.0306,19.0522,27.0735,28.9859,94.8444,167.6804
Open-End Funds,Shariah Compliant Fund of Funds (Absolute Return),Meezan Strategic Allocation Fund (MSAP V),,N/A,"Dec 31, 2025",109.0041,21.2087,2.5898,(0.5179),0.5136,1.6469,(0.2099),19.1793,27.4262,30.473,93.5953,162.0878
Open-End Funds,Shariah Compliant Index Tracker (Absolute Return),KSE Meezan Index Fund,,N/A,"Jan 01, 2026",188.7548,35.1937,0.8633,0.8633,3.4178,4.1202,0.5101,30.6074,36.7541,36.3158,123.4616,244.9667
Open-End Funds,Shariah Compliant Commodities (Absolute Return),Meezan Gold Fund,,N/A,"Dec 31, 2025",281.563,22.1202,0.5809,(1.1781),(3.6789),(2.7515),11.1298,21.2257,31.4784,49.4469,89.5313,151.6009